-- Generated by scripts/import-finish-library.mjs — do not edit by hand
-- Source: Finish_Library_2025_AK_10.22 1.xlsx
-- Rows: 109

INSERT OR IGNORE INTO profiles (id, email, full_name, team) VALUES
  ('dev-pd-001', 'pd@corehome.internal', 'PD Demo User', 'PD'),
  ('dev-id-001', 'id@corehome.internal', 'ID Demo User', 'ID');

DELETE FROM finish_graphic_compat;
DELETE FROM finishes WHERE template_id = 'finish_library_ak';

INSERT OR REPLACE INTO material_types (id, slug, label, enabled, sort_order) VALUES ('mat-ceramic', 'ceramic', 'Ceramic', 0, 1);
INSERT OR REPLACE INTO material_types (id, slug, label, enabled, sort_order) VALUES ('mat-glass', 'glass', 'Glass', 0, 2);
INSERT OR REPLACE INTO material_types (id, slug, label, enabled, sort_order) VALUES ('mat-stainless_steel', 'stainless_steel', 'S. Steel', 1, 3);
INSERT OR REPLACE INTO material_types (id, slug, label, enabled, sort_order) VALUES ('mat-plastic', 'plastic', 'Plastic', 0, 4);

INSERT OR REPLACE INTO graphic_application_types (id, template_key, label, ui_label, sort_order) VALUES ('gfx-001', 'graphic.waterDecal', 'Water Decal', 'Water Decal', 1);
INSERT OR REPLACE INTO graphic_application_types (id, template_key, label, ui_label, sort_order) VALUES ('gfx-002', 'graphic.partial3dPrint', 'Partial 3D Print', 'Gloss 3D Print', 2);
INSERT OR REPLACE INTO graphic_application_types (id, template_key, label, ui_label, sort_order) VALUES ('gfx-003', 'graphic.silkScreen', 'Silk Screen', 'Silkscreen', 3);
INSERT OR REPLACE INTO graphic_application_types (id, template_key, label, ui_label, sort_order) VALUES ('gfx-004', 'graphic.heatTransfer', 'Heat Transfer', 'Heat Transfer', 4);
INSERT OR REPLACE INTO graphic_application_types (id, template_key, label, ui_label, sort_order) VALUES ('gfx-005', 'graphic.laserEngraved', 'Laser Engraved', 'Laser Etch', 5);

INSERT OR REPLACE INTO finishes (id, slug, name, category, description, hex_color, durability_score, durability_notes, price_band, cost_tier, finish_process, process_steps, source_file, template_id) VALUES ('fin-2-color-diagonal-glossy-ombr', '2-color-diagonal-glossy-ombr', '2-Color Diagonal Glossy Ombré', 'Paint', '/', 'hsl(101 35% 55%)', 3, '/', '$$$', 3, 'Paint', 2, 'Finish_Library_2025_AK_10.22 1.xlsx', 'finish_library_ak');
INSERT OR REPLACE INTO finish_graphic_compat (finish_id, graphic_id, compatible) VALUES ('fin-2-color-diagonal-glossy-ombr', 'gfx-001', 1);
INSERT OR REPLACE INTO finish_graphic_compat (finish_id, graphic_id, compatible) VALUES ('fin-2-color-diagonal-glossy-ombr', 'gfx-002', 1);
INSERT OR REPLACE INTO finish_graphic_compat (finish_id, graphic_id, compatible) VALUES ('fin-2-color-diagonal-glossy-ombr', 'gfx-003', 1);
INSERT OR REPLACE INTO finish_graphic_compat (finish_id, graphic_id, compatible) VALUES ('fin-2-color-diagonal-glossy-ombr', 'gfx-004', 1);
INSERT OR REPLACE INTO finish_graphic_compat (finish_id, graphic_id, compatible) VALUES ('fin-2-color-diagonal-glossy-ombr', 'gfx-005', 1);
INSERT OR REPLACE INTO finishes (id, slug, name, category, description, hex_color, durability_score, durability_notes, price_band, cost_tier, finish_process, process_steps, source_file, template_id) VALUES ('fin-2-color-diagonal-semi-matte-metallic-ombr', '2-color-diagonal-semi-matte-metallic-ombr', '2-Color Diagonal Semi-Matte Metallic Ombré', 'Paint', '/', 'hsl(133 35% 55%)', 3, '/', '$$$', 3, 'Paint', 2, 'Finish_Library_2025_AK_10.22 1.xlsx', 'finish_library_ak');
INSERT OR REPLACE INTO finish_graphic_compat (finish_id, graphic_id, compatible) VALUES ('fin-2-color-diagonal-semi-matte-metallic-ombr', 'gfx-001', 1);
INSERT OR REPLACE INTO finish_graphic_compat (finish_id, graphic_id, compatible) VALUES ('fin-2-color-diagonal-semi-matte-metallic-ombr', 'gfx-002', 1);
INSERT OR REPLACE INTO finish_graphic_compat (finish_id, graphic_id, compatible) VALUES ('fin-2-color-diagonal-semi-matte-metallic-ombr', 'gfx-003', 1);
INSERT OR REPLACE INTO finish_graphic_compat (finish_id, graphic_id, compatible) VALUES ('fin-2-color-diagonal-semi-matte-metallic-ombr', 'gfx-004', 1);
INSERT OR REPLACE INTO finish_graphic_compat (finish_id, graphic_id, compatible) VALUES ('fin-2-color-diagonal-semi-matte-metallic-ombr', 'gfx-005', 1);
INSERT OR REPLACE INTO finishes (id, slug, name, category, description, hex_color, durability_score, durability_notes, price_band, cost_tier, finish_process, process_steps, source_file, template_id) VALUES ('fin-2-tone-glitter', '2-tone-glitter', '2-Tone Glitter', 'Paint', 'Rough surface, relatively poor durability', 'hsl(318 35% 55%)', 2, 'Rough surface, relatively poor durability', '$$$$', 4, 'Paint', 2, 'Finish_Library_2025_AK_10.22 1.xlsx', 'finish_library_ak');
INSERT OR REPLACE INTO finish_graphic_compat (finish_id, graphic_id, compatible) VALUES ('fin-2-tone-glitter', 'gfx-001', 0);
INSERT OR REPLACE INTO finish_graphic_compat (finish_id, graphic_id, compatible) VALUES ('fin-2-tone-glitter', 'gfx-002', 0);
INSERT OR REPLACE INTO finish_graphic_compat (finish_id, graphic_id, compatible) VALUES ('fin-2-tone-glitter', 'gfx-003', 0);
INSERT OR REPLACE INTO finish_graphic_compat (finish_id, graphic_id, compatible) VALUES ('fin-2-tone-glitter', 'gfx-004', 0);
INSERT OR REPLACE INTO finish_graphic_compat (finish_id, graphic_id, compatible) VALUES ('fin-2-tone-glitter', 'gfx-005', 1);
INSERT OR REPLACE INTO finishes (id, slug, name, category, description, hex_color, durability_score, durability_notes, price_band, cost_tier, finish_process, process_steps, source_file, template_id) VALUES ('fin-2-tone-gloss', '2-tone-gloss', '2-Tone Gloss', 'Paint', '/', 'hsl(223 35% 55%)', 3, '/', '$$$', 3, 'Paint', 2, 'Finish_Library_2025_AK_10.22 1.xlsx', 'finish_library_ak');
INSERT OR REPLACE INTO finish_graphic_compat (finish_id, graphic_id, compatible) VALUES ('fin-2-tone-gloss', 'gfx-001', 1);
INSERT OR REPLACE INTO finish_graphic_compat (finish_id, graphic_id, compatible) VALUES ('fin-2-tone-gloss', 'gfx-002', 1);
INSERT OR REPLACE INTO finish_graphic_compat (finish_id, graphic_id, compatible) VALUES ('fin-2-tone-gloss', 'gfx-003', 1);
INSERT OR REPLACE INTO finish_graphic_compat (finish_id, graphic_id, compatible) VALUES ('fin-2-tone-gloss', 'gfx-004', 1);
INSERT OR REPLACE INTO finish_graphic_compat (finish_id, graphic_id, compatible) VALUES ('fin-2-tone-gloss', 'gfx-005', 1);
INSERT OR REPLACE INTO finishes (id, slug, name, category, description, hex_color, durability_score, durability_notes, price_band, cost_tier, finish_process, process_steps, source_file, template_id) VALUES ('fin-2-tone-semi-matte-glossy', '2-tone-semi-matte-glossy', '2-Tone Semi-Matte/Glossy', 'Paint', '/', 'hsl(345 35% 55%)', 3, '/', '$$', 2, 'Paint', 2, 'Finish_Library_2025_AK_10.22 1.xlsx', 'finish_library_ak');
INSERT OR REPLACE INTO finish_graphic_compat (finish_id, graphic_id, compatible) VALUES ('fin-2-tone-semi-matte-glossy', 'gfx-001', 1);
INSERT OR REPLACE INTO finish_graphic_compat (finish_id, graphic_id, compatible) VALUES ('fin-2-tone-semi-matte-glossy', 'gfx-002', 1);
INSERT OR REPLACE INTO finish_graphic_compat (finish_id, graphic_id, compatible) VALUES ('fin-2-tone-semi-matte-glossy', 'gfx-003', 1);
INSERT OR REPLACE INTO finish_graphic_compat (finish_id, graphic_id, compatible) VALUES ('fin-2-tone-semi-matte-glossy', 'gfx-004', 1);
INSERT OR REPLACE INTO finish_graphic_compat (finish_id, graphic_id, compatible) VALUES ('fin-2-tone-semi-matte-glossy', 'gfx-005', 1);
INSERT OR REPLACE INTO finishes (id, slug, name, category, description, hex_color, durability_score, durability_notes, price_band, cost_tier, finish_process, process_steps, source_file, template_id) VALUES ('fin-2-tone-metallic-semi-matte', '2-tone-metallic-semi-matte', '2-Tone Metallic/Semi-Matte', 'Paint', '/', 'hsl(183 35% 55%)', 3, '/', '$$', 2, 'Paint', 2, 'Finish_Library_2025_AK_10.22 1.xlsx', 'finish_library_ak');
INSERT OR REPLACE INTO finish_graphic_compat (finish_id, graphic_id, compatible) VALUES ('fin-2-tone-metallic-semi-matte', 'gfx-001', 1);
INSERT OR REPLACE INTO finish_graphic_compat (finish_id, graphic_id, compatible) VALUES ('fin-2-tone-metallic-semi-matte', 'gfx-002', 1);
INSERT OR REPLACE INTO finish_graphic_compat (finish_id, graphic_id, compatible) VALUES ('fin-2-tone-metallic-semi-matte', 'gfx-003', 1);
INSERT OR REPLACE INTO finish_graphic_compat (finish_id, graphic_id, compatible) VALUES ('fin-2-tone-metallic-semi-matte', 'gfx-004', 1);
INSERT OR REPLACE INTO finish_graphic_compat (finish_id, graphic_id, compatible) VALUES ('fin-2-tone-metallic-semi-matte', 'gfx-005', 1);
INSERT OR REPLACE INTO finishes (id, slug, name, category, description, hex_color, durability_score, durability_notes, price_band, cost_tier, finish_process, process_steps, source_file, template_id) VALUES ('fin-2-tone-powder-metallic', '2-tone-powder-metallic', '2-Tone Powder-Metallic', 'Not Applicable', '/', 'hsl(312 35% 55%)', 3, '/', '$$$', 3, 'Not Applicable', 2, 'Finish_Library_2025_AK_10.22 1.xlsx', 'finish_library_ak');
INSERT OR REPLACE INTO finish_graphic_compat (finish_id, graphic_id, compatible) VALUES ('fin-2-tone-powder-metallic', 'gfx-001', 1);
INSERT OR REPLACE INTO finish_graphic_compat (finish_id, graphic_id, compatible) VALUES ('fin-2-tone-powder-metallic', 'gfx-002', 1);
INSERT OR REPLACE INTO finish_graphic_compat (finish_id, graphic_id, compatible) VALUES ('fin-2-tone-powder-metallic', 'gfx-003', 1);
INSERT OR REPLACE INTO finish_graphic_compat (finish_id, graphic_id, compatible) VALUES ('fin-2-tone-powder-metallic', 'gfx-004', 1);
INSERT OR REPLACE INTO finish_graphic_compat (finish_id, graphic_id, compatible) VALUES ('fin-2-tone-powder-metallic', 'gfx-005', 1);
INSERT OR REPLACE INTO finishes (id, slug, name, category, description, hex_color, durability_score, durability_notes, price_band, cost_tier, finish_process, process_steps, source_file, template_id) VALUES ('fin-2-tone-powder-ombr-metallic', '2-tone-powder-ombr-metallic', '2-Tone Powder Ombré-Metallic', 'Not Applicable', 'Powder coated portion is more durable than single coat paint portion', 'hsl(238 35% 55%)', 3, 'Powder coated portion is more durable than single coat paint portion', '$$', 2, 'Not Applicable', 2, 'Finish_Library_2025_AK_10.22 1.xlsx', 'finish_library_ak');
INSERT OR REPLACE INTO finish_graphic_compat (finish_id, graphic_id, compatible) VALUES ('fin-2-tone-powder-ombr-metallic', 'gfx-001', 1);
INSERT OR REPLACE INTO finish_graphic_compat (finish_id, graphic_id, compatible) VALUES ('fin-2-tone-powder-ombr-metallic', 'gfx-002', 1);
INSERT OR REPLACE INTO finish_graphic_compat (finish_id, graphic_id, compatible) VALUES ('fin-2-tone-powder-ombr-metallic', 'gfx-003', 1);
INSERT OR REPLACE INTO finish_graphic_compat (finish_id, graphic_id, compatible) VALUES ('fin-2-tone-powder-ombr-metallic', 'gfx-004', 1);
INSERT OR REPLACE INTO finish_graphic_compat (finish_id, graphic_id, compatible) VALUES ('fin-2-tone-powder-ombr-metallic', 'gfx-005', 1);
INSERT OR REPLACE INTO finishes (id, slug, name, category, description, hex_color, durability_score, durability_notes, price_band, cost_tier, finish_process, process_steps, source_file, template_id) VALUES ('fin-3d-print-machine-matte', '3d-print-machine-matte', '3D Print – Machine  Matte', 'Paint', 'Surface sprayed with matte paint creating a relatively thick durable coating Can we have 3D print textured finish matte (i.e.: powder coated, 3d printed w/ matte paint', 'hsl(340 35% 55%)', 3, 'Surface sprayed with matte paint creating a relatively thick durable coating', '$$$', 3, 'Paint', 3, 'Finish_Library_2025_AK_10.22 1.xlsx', 'finish_library_ak');
INSERT OR REPLACE INTO finish_graphic_compat (finish_id, graphic_id, compatible) VALUES ('fin-3d-print-machine-matte', 'gfx-001', 0);
INSERT OR REPLACE INTO finish_graphic_compat (finish_id, graphic_id, compatible) VALUES ('fin-3d-print-machine-matte', 'gfx-002', 0);
INSERT OR REPLACE INTO finish_graphic_compat (finish_id, graphic_id, compatible) VALUES ('fin-3d-print-machine-matte', 'gfx-003', 0);
INSERT OR REPLACE INTO finish_graphic_compat (finish_id, graphic_id, compatible) VALUES ('fin-3d-print-machine-matte', 'gfx-004', 0);
INSERT OR REPLACE INTO finish_graphic_compat (finish_id, graphic_id, compatible) VALUES ('fin-3d-print-machine-matte', 'gfx-005', 1);
INSERT OR REPLACE INTO finishes (id, slug, name, category, description, hex_color, durability_score, durability_notes, price_band, cost_tier, finish_process, process_steps, source_file, template_id) VALUES ('fin-3d-print-machine-glossy', '3d-print-machine-glossy', '3D Print –   Machine Glossy', 'Paint', '3D Printed ink with glossy sealant', 'hsl(92 35% 55%)', NULL, '3D Printed ink with glossy sealant', NULL, NULL, 'Paint', 2, 'Finish_Library_2025_AK_10.22 1.xlsx', 'finish_library_ak');
INSERT OR REPLACE INTO finish_graphic_compat (finish_id, graphic_id, compatible) VALUES ('fin-3d-print-machine-glossy', 'gfx-001', 0);
INSERT OR REPLACE INTO finish_graphic_compat (finish_id, graphic_id, compatible) VALUES ('fin-3d-print-machine-glossy', 'gfx-002', 0);
INSERT OR REPLACE INTO finish_graphic_compat (finish_id, graphic_id, compatible) VALUES ('fin-3d-print-machine-glossy', 'gfx-003', 0);
INSERT OR REPLACE INTO finish_graphic_compat (finish_id, graphic_id, compatible) VALUES ('fin-3d-print-machine-glossy', 'gfx-004', 0);
INSERT OR REPLACE INTO finish_graphic_compat (finish_id, graphic_id, compatible) VALUES ('fin-3d-print-machine-glossy', 'gfx-005', 1);
INSERT OR REPLACE INTO finishes (id, slug, name, category, description, hex_color, durability_score, durability_notes, price_band, cost_tier, finish_process, process_steps, source_file, template_id) VALUES ('fin-3d-print-machine-semi-matte', '3d-print-machine-semi-matte', '3D Print – Machine Semi-Matte', 'Paint', '3D Printed ink with semi-matte sealant', 'hsl(218 35% 55%)', NULL, '3D Printed ink with semi-matte sealant', NULL, NULL, 'Paint', 2, 'Finish_Library_2025_AK_10.22 1.xlsx', 'finish_library_ak');
INSERT OR REPLACE INTO finish_graphic_compat (finish_id, graphic_id, compatible) VALUES ('fin-3d-print-machine-semi-matte', 'gfx-001', 0);
INSERT OR REPLACE INTO finish_graphic_compat (finish_id, graphic_id, compatible) VALUES ('fin-3d-print-machine-semi-matte', 'gfx-002', 0);
INSERT OR REPLACE INTO finish_graphic_compat (finish_id, graphic_id, compatible) VALUES ('fin-3d-print-machine-semi-matte', 'gfx-003', 0);
INSERT OR REPLACE INTO finish_graphic_compat (finish_id, graphic_id, compatible) VALUES ('fin-3d-print-machine-semi-matte', 'gfx-004', 0);
INSERT OR REPLACE INTO finish_graphic_compat (finish_id, graphic_id, compatible) VALUES ('fin-3d-print-machine-semi-matte', 'gfx-005', 1);
INSERT OR REPLACE INTO finishes (id, slug, name, category, description, hex_color, durability_score, durability_notes, price_band, cost_tier, finish_process, process_steps, source_file, template_id) VALUES ('fin-3d-print-3d-ombr', '3d-print-3d-ombr', '3D Print – 3D  Ombré', 'Paint', 'Ombré achieved with 3D printing', 'hsl(325 35% 55%)', NULL, 'Ombré achieved with 3D printing', NULL, NULL, 'Paint', 2, 'Finish_Library_2025_AK_10.22 1.xlsx', 'finish_library_ak');
INSERT OR REPLACE INTO finish_graphic_compat (finish_id, graphic_id, compatible) VALUES ('fin-3d-print-3d-ombr', 'gfx-001', 0);
INSERT OR REPLACE INTO finish_graphic_compat (finish_id, graphic_id, compatible) VALUES ('fin-3d-print-3d-ombr', 'gfx-002', 0);
INSERT OR REPLACE INTO finish_graphic_compat (finish_id, graphic_id, compatible) VALUES ('fin-3d-print-3d-ombr', 'gfx-003', 0);
INSERT OR REPLACE INTO finish_graphic_compat (finish_id, graphic_id, compatible) VALUES ('fin-3d-print-3d-ombr', 'gfx-004', 0);
INSERT OR REPLACE INTO finish_graphic_compat (finish_id, graphic_id, compatible) VALUES ('fin-3d-print-3d-ombr', 'gfx-005', 1);
INSERT OR REPLACE INTO finishes (id, slug, name, category, description, hex_color, durability_score, durability_notes, price_band, cost_tier, finish_process, process_steps, source_file, template_id) VALUES ('fin-3d-print-textured-finish-glossy', '3d-print-textured-finish-glossy', '3D Print –  Textured Finish Glossy', 'Paint & Powder', 'Powder-coated before printing to achieve texture.
3D Printed ink with glossy sealant', 'hsl(122 35% 55%)', 3, 'Powder-coated before printing to achieve texture.
3D Printed ink with glossy sealant', '$$$', 3, 'Paint & Powder', 3, 'Finish_Library_2025_AK_10.22 1.xlsx', 'finish_library_ak');
INSERT OR REPLACE INTO finish_graphic_compat (finish_id, graphic_id, compatible) VALUES ('fin-3d-print-textured-finish-glossy', 'gfx-001', 0);
INSERT OR REPLACE INTO finish_graphic_compat (finish_id, graphic_id, compatible) VALUES ('fin-3d-print-textured-finish-glossy', 'gfx-002', 0);
INSERT OR REPLACE INTO finish_graphic_compat (finish_id, graphic_id, compatible) VALUES ('fin-3d-print-textured-finish-glossy', 'gfx-003', 0);
INSERT OR REPLACE INTO finish_graphic_compat (finish_id, graphic_id, compatible) VALUES ('fin-3d-print-textured-finish-glossy', 'gfx-004', 0);
INSERT OR REPLACE INTO finish_graphic_compat (finish_id, graphic_id, compatible) VALUES ('fin-3d-print-textured-finish-glossy', 'gfx-005', 1);
INSERT OR REPLACE INTO finishes (id, slug, name, category, description, hex_color, durability_score, durability_notes, price_band, cost_tier, finish_process, process_steps, source_file, template_id) VALUES ('fin-3d-print-textured-finish-semi-matte', '3d-print-textured-finish-semi-matte', '3D Print –  Textured Finish Semi-Matte', 'Paint & Powder', 'Powder-coated before printing to achieve texture. 3D Printed ink with semi-matte sealant', 'hsl(29 35% 55%)', 3, 'Powder-coated before printing to achieve texture. 3D Printed ink with semi-matte sealant', '$$$', 3, 'Paint & Powder', 3, 'Finish_Library_2025_AK_10.22 1.xlsx', 'finish_library_ak');
INSERT OR REPLACE INTO finish_graphic_compat (finish_id, graphic_id, compatible) VALUES ('fin-3d-print-textured-finish-semi-matte', 'gfx-001', 0);
INSERT OR REPLACE INTO finish_graphic_compat (finish_id, graphic_id, compatible) VALUES ('fin-3d-print-textured-finish-semi-matte', 'gfx-002', 0);
INSERT OR REPLACE INTO finish_graphic_compat (finish_id, graphic_id, compatible) VALUES ('fin-3d-print-textured-finish-semi-matte', 'gfx-003', 0);
INSERT OR REPLACE INTO finish_graphic_compat (finish_id, graphic_id, compatible) VALUES ('fin-3d-print-textured-finish-semi-matte', 'gfx-004', 0);
INSERT OR REPLACE INTO finish_graphic_compat (finish_id, graphic_id, compatible) VALUES ('fin-3d-print-textured-finish-semi-matte', 'gfx-005', 1);
INSERT OR REPLACE INTO finishes (id, slug, name, category, description, hex_color, durability_score, durability_notes, price_band, cost_tier, finish_process, process_steps, source_file, template_id) VALUES ('fin-3d-print-3d-textured-ombr', '3d-print-3d-textured-ombr', '3D Print – 3D Textured Ombré', 'Paint & Powder', 'Powder-coated before printing to achieve texture. Ombré achieved with 3D printing', 'hsl(4 35% 55%)', 3, 'Powder-coated before printing to achieve texture. Ombré achieved with 3D printing', '$$$$', 4, 'Paint & Powder', 3, 'Finish_Library_2025_AK_10.22 1.xlsx', 'finish_library_ak');
INSERT OR REPLACE INTO finish_graphic_compat (finish_id, graphic_id, compatible) VALUES ('fin-3d-print-3d-textured-ombr', 'gfx-001', 0);
INSERT OR REPLACE INTO finish_graphic_compat (finish_id, graphic_id, compatible) VALUES ('fin-3d-print-3d-textured-ombr', 'gfx-002', 0);
INSERT OR REPLACE INTO finish_graphic_compat (finish_id, graphic_id, compatible) VALUES ('fin-3d-print-3d-textured-ombr', 'gfx-003', 0);
INSERT OR REPLACE INTO finish_graphic_compat (finish_id, graphic_id, compatible) VALUES ('fin-3d-print-3d-textured-ombr', 'gfx-004', 0);
INSERT OR REPLACE INTO finish_graphic_compat (finish_id, graphic_id, compatible) VALUES ('fin-3d-print-3d-textured-ombr', 'gfx-005', 1);
INSERT OR REPLACE INTO finishes (id, slug, name, category, description, hex_color, durability_score, durability_notes, price_band, cost_tier, finish_process, process_steps, source_file, template_id) VALUES ('fin-air-transfer-semi-matte', 'air-transfer-semi-matte', 'Air Transfer Semi-Matte', 'Paint', '/', 'hsl(344 35% 55%)', 2, '/', '$$$', 3, 'Paint', 3, 'Finish_Library_2025_AK_10.22 1.xlsx', 'finish_library_ak');
INSERT OR REPLACE INTO finish_graphic_compat (finish_id, graphic_id, compatible) VALUES ('fin-air-transfer-semi-matte', 'gfx-001', 0);
INSERT OR REPLACE INTO finish_graphic_compat (finish_id, graphic_id, compatible) VALUES ('fin-air-transfer-semi-matte', 'gfx-002', 0);
INSERT OR REPLACE INTO finish_graphic_compat (finish_id, graphic_id, compatible) VALUES ('fin-air-transfer-semi-matte', 'gfx-003', 0);
INSERT OR REPLACE INTO finish_graphic_compat (finish_id, graphic_id, compatible) VALUES ('fin-air-transfer-semi-matte', 'gfx-004', 0);
INSERT OR REPLACE INTO finish_graphic_compat (finish_id, graphic_id, compatible) VALUES ('fin-air-transfer-semi-matte', 'gfx-005', 1);
INSERT OR REPLACE INTO finishes (id, slug, name, category, description, hex_color, durability_score, durability_notes, price_band, cost_tier, finish_process, process_steps, source_file, template_id) VALUES ('fin-air-transfer-metallic', 'air-transfer-metallic', 'Air Transfer Metallic', 'Paint', '/', 'hsl(285 35% 55%)', 2, '/', '$$$', 3, 'Paint', 3, 'Finish_Library_2025_AK_10.22 1.xlsx', 'finish_library_ak');
INSERT OR REPLACE INTO finish_graphic_compat (finish_id, graphic_id, compatible) VALUES ('fin-air-transfer-metallic', 'gfx-001', 0);
INSERT OR REPLACE INTO finish_graphic_compat (finish_id, graphic_id, compatible) VALUES ('fin-air-transfer-metallic', 'gfx-002', 0);
INSERT OR REPLACE INTO finish_graphic_compat (finish_id, graphic_id, compatible) VALUES ('fin-air-transfer-metallic', 'gfx-003', 0);
INSERT OR REPLACE INTO finish_graphic_compat (finish_id, graphic_id, compatible) VALUES ('fin-air-transfer-metallic', 'gfx-004', 0);
INSERT OR REPLACE INTO finish_graphic_compat (finish_id, graphic_id, compatible) VALUES ('fin-air-transfer-metallic', 'gfx-005', 1);
INSERT OR REPLACE INTO finishes (id, slug, name, category, description, hex_color, durability_score, durability_notes, price_band, cost_tier, finish_process, process_steps, source_file, template_id) VALUES ('fin-air-transfer-semi-matte-metallic', 'air-transfer-semi-matte-metallic', 'Air Transfer Semi-Matte Metallic', 'Paint', '/', 'hsl(127 35% 55%)', 2, '/', '$$$', 3, 'Paint', 3, 'Finish_Library_2025_AK_10.22 1.xlsx', 'finish_library_ak');
INSERT OR REPLACE INTO finish_graphic_compat (finish_id, graphic_id, compatible) VALUES ('fin-air-transfer-semi-matte-metallic', 'gfx-001', 0);
INSERT OR REPLACE INTO finish_graphic_compat (finish_id, graphic_id, compatible) VALUES ('fin-air-transfer-semi-matte-metallic', 'gfx-002', 0);
INSERT OR REPLACE INTO finish_graphic_compat (finish_id, graphic_id, compatible) VALUES ('fin-air-transfer-semi-matte-metallic', 'gfx-003', 0);
INSERT OR REPLACE INTO finish_graphic_compat (finish_id, graphic_id, compatible) VALUES ('fin-air-transfer-semi-matte-metallic', 'gfx-004', 0);
INSERT OR REPLACE INTO finish_graphic_compat (finish_id, graphic_id, compatible) VALUES ('fin-air-transfer-semi-matte-metallic', 'gfx-005', 1);
INSERT OR REPLACE INTO finishes (id, slug, name, category, description, hex_color, durability_score, durability_notes, price_band, cost_tier, finish_process, process_steps, source_file, template_id) VALUES ('fin-air-transfer-glossy-opaque', 'air-transfer-glossy-opaque', 'Air Transfer Glossy (Opaque)', 'Paint', '/', 'hsl(219 35% 55%)', 2, '/', '$$$', 3, 'Paint', 3, 'Finish_Library_2025_AK_10.22 1.xlsx', 'finish_library_ak');
INSERT OR REPLACE INTO finish_graphic_compat (finish_id, graphic_id, compatible) VALUES ('fin-air-transfer-glossy-opaque', 'gfx-001', 0);
INSERT OR REPLACE INTO finish_graphic_compat (finish_id, graphic_id, compatible) VALUES ('fin-air-transfer-glossy-opaque', 'gfx-002', 0);
INSERT OR REPLACE INTO finish_graphic_compat (finish_id, graphic_id, compatible) VALUES ('fin-air-transfer-glossy-opaque', 'gfx-003', 0);
INSERT OR REPLACE INTO finish_graphic_compat (finish_id, graphic_id, compatible) VALUES ('fin-air-transfer-glossy-opaque', 'gfx-004', 0);
INSERT OR REPLACE INTO finish_graphic_compat (finish_id, graphic_id, compatible) VALUES ('fin-air-transfer-glossy-opaque', 'gfx-005', 1);
INSERT OR REPLACE INTO finishes (id, slug, name, category, description, hex_color, durability_score, durability_notes, price_band, cost_tier, finish_process, process_steps, source_file, template_id) VALUES ('fin-black-iridescent', 'black-iridescent', 'Black Iridescent', 'Paint', 'Surface has fine granular texture lowering durability', 'hsl(323 35% 55%)', 3, 'Surface has fine granular texture lowering durability', '$$$$$', 5, 'Paint', 2, 'Finish_Library_2025_AK_10.22 1.xlsx', 'finish_library_ak');
INSERT OR REPLACE INTO finish_graphic_compat (finish_id, graphic_id, compatible) VALUES ('fin-black-iridescent', 'gfx-001', 1);
INSERT OR REPLACE INTO finish_graphic_compat (finish_id, graphic_id, compatible) VALUES ('fin-black-iridescent', 'gfx-002', 1);
INSERT OR REPLACE INTO finish_graphic_compat (finish_id, graphic_id, compatible) VALUES ('fin-black-iridescent', 'gfx-003', 1);
INSERT OR REPLACE INTO finish_graphic_compat (finish_id, graphic_id, compatible) VALUES ('fin-black-iridescent', 'gfx-004', 1);
INSERT OR REPLACE INTO finish_graphic_compat (finish_id, graphic_id, compatible) VALUES ('fin-black-iridescent', 'gfx-005', 1);
INSERT OR REPLACE INTO finishes (id, slug, name, category, description, hex_color, durability_score, durability_notes, price_band, cost_tier, finish_process, process_steps, source_file, template_id) VALUES ('fin-black-uv', 'black-uv', 'Black UV', 'Paint', 'Paint and ink hybrid', 'hsl(10 35% 55%)', 1, 'Paint and ink hybrid', '$$', 2, 'Paint', 2, 'Finish_Library_2025_AK_10.22 1.xlsx', 'finish_library_ak');
INSERT OR REPLACE INTO finish_graphic_compat (finish_id, graphic_id, compatible) VALUES ('fin-black-uv', 'gfx-001', 0);
INSERT OR REPLACE INTO finish_graphic_compat (finish_id, graphic_id, compatible) VALUES ('fin-black-uv', 'gfx-002', 0);
INSERT OR REPLACE INTO finish_graphic_compat (finish_id, graphic_id, compatible) VALUES ('fin-black-uv', 'gfx-003', 0);
INSERT OR REPLACE INTO finish_graphic_compat (finish_id, graphic_id, compatible) VALUES ('fin-black-uv', 'gfx-004', 0);
INSERT OR REPLACE INTO finish_graphic_compat (finish_id, graphic_id, compatible) VALUES ('fin-black-uv', 'gfx-005', 1);
INSERT OR REPLACE INTO finishes (id, slug, name, category, description, hex_color, durability_score, durability_notes, price_band, cost_tier, finish_process, process_steps, source_file, template_id) VALUES ('fin-ceramic-lining', 'ceramic-lining', 'Ceramic Lining', 'Paint', 'Sprayed on inner body, increasing hardness; higher durability', 'hsl(211 35% 55%)', 4, 'Sprayed on inner body, increasing hardness; higher durability', '$$$', 3, 'Paint', 1, 'Finish_Library_2025_AK_10.22 1.xlsx', 'finish_library_ak');
INSERT OR REPLACE INTO finish_graphic_compat (finish_id, graphic_id, compatible) VALUES ('fin-ceramic-lining', 'gfx-001', 0);
INSERT OR REPLACE INTO finish_graphic_compat (finish_id, graphic_id, compatible) VALUES ('fin-ceramic-lining', 'gfx-002', 0);
INSERT OR REPLACE INTO finish_graphic_compat (finish_id, graphic_id, compatible) VALUES ('fin-ceramic-lining', 'gfx-003', 0);
INSERT OR REPLACE INTO finish_graphic_compat (finish_id, graphic_id, compatible) VALUES ('fin-ceramic-lining', 'gfx-004', 0);
INSERT OR REPLACE INTO finish_graphic_compat (finish_id, graphic_id, compatible) VALUES ('fin-ceramic-lining', 'gfx-005', 0);
INSERT OR REPLACE INTO finishes (id, slug, name, category, description, hex_color, durability_score, durability_notes, price_band, cost_tier, finish_process, process_steps, source_file, template_id) VALUES ('fin-chameleon', 'chameleon', 'Chameleon', 'Paint', '/', 'hsl(132 35% 55%)', 3, '/', NULL, NULL, 'Paint', 2, 'Finish_Library_2025_AK_10.22 1.xlsx', 'finish_library_ak');
INSERT OR REPLACE INTO finish_graphic_compat (finish_id, graphic_id, compatible) VALUES ('fin-chameleon', 'gfx-001', 0);
INSERT OR REPLACE INTO finish_graphic_compat (finish_id, graphic_id, compatible) VALUES ('fin-chameleon', 'gfx-002', 0);
INSERT OR REPLACE INTO finish_graphic_compat (finish_id, graphic_id, compatible) VALUES ('fin-chameleon', 'gfx-003', 0);
INSERT OR REPLACE INTO finish_graphic_compat (finish_id, graphic_id, compatible) VALUES ('fin-chameleon', 'gfx-004', 0);
INSERT OR REPLACE INTO finish_graphic_compat (finish_id, graphic_id, compatible) VALUES ('fin-chameleon', 'gfx-005', 1);
INSERT OR REPLACE INTO finishes (id, slug, name, category, description, hex_color, durability_score, durability_notes, price_band, cost_tier, finish_process, process_steps, source_file, template_id) VALUES ('fin-color-changing-glitter', 'color-changing-glitter', 'Color Changing Glitter', 'Paint', 'Surface has fine granular texture lowering durability', 'hsl(179 35% 55%)', 2, 'Surface has fine granular texture lowering durability', '$$$$', 4, 'Paint', 2, 'Finish_Library_2025_AK_10.22 1.xlsx', 'finish_library_ak');
INSERT OR REPLACE INTO finish_graphic_compat (finish_id, graphic_id, compatible) VALUES ('fin-color-changing-glitter', 'gfx-001', 0);
INSERT OR REPLACE INTO finish_graphic_compat (finish_id, graphic_id, compatible) VALUES ('fin-color-changing-glitter', 'gfx-002', 0);
INSERT OR REPLACE INTO finish_graphic_compat (finish_id, graphic_id, compatible) VALUES ('fin-color-changing-glitter', 'gfx-003', 0);
INSERT OR REPLACE INTO finish_graphic_compat (finish_id, graphic_id, compatible) VALUES ('fin-color-changing-glitter', 'gfx-004', 0);
INSERT OR REPLACE INTO finish_graphic_compat (finish_id, graphic_id, compatible) VALUES ('fin-color-changing-glitter', 'gfx-005', 1);
INSERT OR REPLACE INTO finishes (id, slug, name, category, description, hex_color, durability_score, durability_notes, price_band, cost_tier, finish_process, process_steps, source_file, template_id) VALUES ('fin-color-changing-glitter-2', 'color-changing-glitter-2', 'Color Changing Glitter', 'Paint', 'Surface has fine granular texture lowering durability', 'hsl(179 35% 55%)', 2, 'Surface has fine granular texture lowering durability', '$$$$', 4, 'Paint', 2, 'Finish_Library_2025_AK_10.22 1.xlsx', 'finish_library_ak');
INSERT OR REPLACE INTO finish_graphic_compat (finish_id, graphic_id, compatible) VALUES ('fin-color-changing-glitter-2', 'gfx-001', 0);
INSERT OR REPLACE INTO finish_graphic_compat (finish_id, graphic_id, compatible) VALUES ('fin-color-changing-glitter-2', 'gfx-002', 0);
INSERT OR REPLACE INTO finish_graphic_compat (finish_id, graphic_id, compatible) VALUES ('fin-color-changing-glitter-2', 'gfx-003', 0);
INSERT OR REPLACE INTO finish_graphic_compat (finish_id, graphic_id, compatible) VALUES ('fin-color-changing-glitter-2', 'gfx-004', 0);
INSERT OR REPLACE INTO finish_graphic_compat (finish_id, graphic_id, compatible) VALUES ('fin-color-changing-glitter-2', 'gfx-005', 1);
INSERT OR REPLACE INTO finishes (id, slug, name, category, description, hex_color, durability_score, durability_notes, price_band, cost_tier, finish_process, process_steps, source_file, template_id) VALUES ('fin-color-speckle', 'color-speckle', 'Color Speckle', 'Paint', '/', 'hsl(316 35% 55%)', 3, '/', '$$', 2, 'Paint', 2, 'Finish_Library_2025_AK_10.22 1.xlsx', 'finish_library_ak');
INSERT OR REPLACE INTO finish_graphic_compat (finish_id, graphic_id, compatible) VALUES ('fin-color-speckle', 'gfx-001', 0);
INSERT OR REPLACE INTO finish_graphic_compat (finish_id, graphic_id, compatible) VALUES ('fin-color-speckle', 'gfx-002', 0);
INSERT OR REPLACE INTO finish_graphic_compat (finish_id, graphic_id, compatible) VALUES ('fin-color-speckle', 'gfx-003', 0);
INSERT OR REPLACE INTO finish_graphic_compat (finish_id, graphic_id, compatible) VALUES ('fin-color-speckle', 'gfx-004', 0);
INSERT OR REPLACE INTO finish_graphic_compat (finish_id, graphic_id, compatible) VALUES ('fin-color-speckle', 'gfx-005', 1);
INSERT OR REPLACE INTO finishes (id, slug, name, category, description, hex_color, durability_score, durability_notes, price_band, cost_tier, finish_process, process_steps, source_file, template_id) VALUES ('fin-color-uv', 'color-uv', 'Color UV', 'Paint', 'Paint and ink hybrid', 'hsl(22 35% 55%)', 1, 'Paint and ink hybrid', '$$', 2, 'Paint', 2, 'Finish_Library_2025_AK_10.22 1.xlsx', 'finish_library_ak');
INSERT OR REPLACE INTO finish_graphic_compat (finish_id, graphic_id, compatible) VALUES ('fin-color-uv', 'gfx-001', 0);
INSERT OR REPLACE INTO finish_graphic_compat (finish_id, graphic_id, compatible) VALUES ('fin-color-uv', 'gfx-002', 0);
INSERT OR REPLACE INTO finish_graphic_compat (finish_id, graphic_id, compatible) VALUES ('fin-color-uv', 'gfx-003', 0);
INSERT OR REPLACE INTO finish_graphic_compat (finish_id, graphic_id, compatible) VALUES ('fin-color-uv', 'gfx-004', 0);
INSERT OR REPLACE INTO finish_graphic_compat (finish_id, graphic_id, compatible) VALUES ('fin-color-uv', 'gfx-005', 1);
INSERT OR REPLACE INTO finishes (id, slug, name, category, description, hex_color, durability_score, durability_notes, price_band, cost_tier, finish_process, process_steps, source_file, template_id) VALUES ('fin-color-uv-metallic', 'color-uv-metallic', 'Color UV - Metallic', 'Paint', 'Paint and ink hybrid', 'hsl(356 35% 55%)', 1, 'Paint and ink hybrid', '$$', 2, 'Paint', 2, 'Finish_Library_2025_AK_10.22 1.xlsx', 'finish_library_ak');
INSERT OR REPLACE INTO finish_graphic_compat (finish_id, graphic_id, compatible) VALUES ('fin-color-uv-metallic', 'gfx-001', 0);
INSERT OR REPLACE INTO finish_graphic_compat (finish_id, graphic_id, compatible) VALUES ('fin-color-uv-metallic', 'gfx-002', 0);
INSERT OR REPLACE INTO finish_graphic_compat (finish_id, graphic_id, compatible) VALUES ('fin-color-uv-metallic', 'gfx-003', 0);
INSERT OR REPLACE INTO finish_graphic_compat (finish_id, graphic_id, compatible) VALUES ('fin-color-uv-metallic', 'gfx-004', 0);
INSERT OR REPLACE INTO finish_graphic_compat (finish_id, graphic_id, compatible) VALUES ('fin-color-uv-metallic', 'gfx-005', 1);
INSERT OR REPLACE INTO finishes (id, slug, name, category, description, hex_color, durability_score, durability_notes, price_band, cost_tier, finish_process, process_steps, source_file, template_id) VALUES ('fin-drip-paint', 'drip-paint', 'Drip Paint', 'Paint', '/', 'hsl(91 35% 55%)', 3, '/', '$$$$$', 5, 'Paint', 2, 'Finish_Library_2025_AK_10.22 1.xlsx', 'finish_library_ak');
INSERT OR REPLACE INTO finish_graphic_compat (finish_id, graphic_id, compatible) VALUES ('fin-drip-paint', 'gfx-001', 0);
INSERT OR REPLACE INTO finish_graphic_compat (finish_id, graphic_id, compatible) VALUES ('fin-drip-paint', 'gfx-002', 0);
INSERT OR REPLACE INTO finish_graphic_compat (finish_id, graphic_id, compatible) VALUES ('fin-drip-paint', 'gfx-003', 0);
INSERT OR REPLACE INTO finish_graphic_compat (finish_id, graphic_id, compatible) VALUES ('fin-drip-paint', 'gfx-004', 0);
INSERT OR REPLACE INTO finish_graphic_compat (finish_id, graphic_id, compatible) VALUES ('fin-drip-paint', 'gfx-005', 1);
INSERT OR REPLACE INTO finishes (id, slug, name, category, description, hex_color, durability_score, durability_notes, price_band, cost_tier, finish_process, process_steps, source_file, template_id) VALUES ('fin-drip-paint-2', 'drip-paint-2', 'Drip Paint', 'Paint', '/', 'hsl(91 35% 55%)', 2, '/', '$$$$$', 5, 'Paint', 2, 'Finish_Library_2025_AK_10.22 1.xlsx', 'finish_library_ak');
INSERT OR REPLACE INTO finish_graphic_compat (finish_id, graphic_id, compatible) VALUES ('fin-drip-paint-2', 'gfx-001', 0);
INSERT OR REPLACE INTO finish_graphic_compat (finish_id, graphic_id, compatible) VALUES ('fin-drip-paint-2', 'gfx-002', 0);
INSERT OR REPLACE INTO finish_graphic_compat (finish_id, graphic_id, compatible) VALUES ('fin-drip-paint-2', 'gfx-003', 0);
INSERT OR REPLACE INTO finish_graphic_compat (finish_id, graphic_id, compatible) VALUES ('fin-drip-paint-2', 'gfx-004', 0);
INSERT OR REPLACE INTO finish_graphic_compat (finish_id, graphic_id, compatible) VALUES ('fin-drip-paint-2', 'gfx-005', 1);
INSERT OR REPLACE INTO finishes (id, slug, name, category, description, hex_color, durability_score, durability_notes, price_band, cost_tier, finish_process, process_steps, source_file, template_id) VALUES ('fin-electroplating', 'electroplating', 'Electroplating', 'Electroplating', 'Thin coating, durability lowered Outsourced', 'hsl(255 35% 55%)', 3, 'Thin coating, durability lowered', '$$$$', 4, 'Electroplating', 1, 'Finish_Library_2025_AK_10.22 1.xlsx', 'finish_library_ak');
INSERT OR REPLACE INTO finish_graphic_compat (finish_id, graphic_id, compatible) VALUES ('fin-electroplating', 'gfx-001', 0);
INSERT OR REPLACE INTO finish_graphic_compat (finish_id, graphic_id, compatible) VALUES ('fin-electroplating', 'gfx-002', 0);
INSERT OR REPLACE INTO finish_graphic_compat (finish_id, graphic_id, compatible) VALUES ('fin-electroplating', 'gfx-003', 0);
INSERT OR REPLACE INTO finish_graphic_compat (finish_id, graphic_id, compatible) VALUES ('fin-electroplating', 'gfx-004', 0);
INSERT OR REPLACE INTO finish_graphic_compat (finish_id, graphic_id, compatible) VALUES ('fin-electroplating', 'gfx-005', 1);
INSERT OR REPLACE INTO finishes (id, slug, name, category, description, hex_color, durability_score, durability_notes, price_band, cost_tier, finish_process, process_steps, source_file, template_id) VALUES ('fin-embossed-foil-decal', 'embossed-foil-decal', 'Embossed Foil Decal', 'Paint', 'Water decal is mainly ink-based. Vivid colors have lower durability Maximum embossing thickness is 1mm.', 'hsl(285 35% 55%)', 2, 'Water decal is mainly ink-based. Vivid colors have lower durability', '$$$$', 4, 'Paint', 2, 'Finish_Library_2025_AK_10.22 1.xlsx', 'finish_library_ak');
INSERT OR REPLACE INTO finish_graphic_compat (finish_id, graphic_id, compatible) VALUES ('fin-embossed-foil-decal', 'gfx-001', 0);
INSERT OR REPLACE INTO finish_graphic_compat (finish_id, graphic_id, compatible) VALUES ('fin-embossed-foil-decal', 'gfx-002', 0);
INSERT OR REPLACE INTO finish_graphic_compat (finish_id, graphic_id, compatible) VALUES ('fin-embossed-foil-decal', 'gfx-003', 0);
INSERT OR REPLACE INTO finish_graphic_compat (finish_id, graphic_id, compatible) VALUES ('fin-embossed-foil-decal', 'gfx-004', 0);
INSERT OR REPLACE INTO finish_graphic_compat (finish_id, graphic_id, compatible) VALUES ('fin-embossed-foil-decal', 'gfx-005', 1);
INSERT OR REPLACE INTO finishes (id, slug, name, category, description, hex_color, durability_score, durability_notes, price_band, cost_tier, finish_process, process_steps, source_file, template_id) VALUES ('fin-foil-decal', 'foil-decal', 'Foil Decal', 'Paint', 'Water decal is mainly ink-based. Vivid colors have lower durability', 'hsl(65 35% 55%)', 2, 'Water decal is mainly ink-based. Vivid colors have lower durability', '$$$', 3, 'Paint', 2, 'Finish_Library_2025_AK_10.22 1.xlsx', 'finish_library_ak');
INSERT OR REPLACE INTO finish_graphic_compat (finish_id, graphic_id, compatible) VALUES ('fin-foil-decal', 'gfx-001', 0);
INSERT OR REPLACE INTO finish_graphic_compat (finish_id, graphic_id, compatible) VALUES ('fin-foil-decal', 'gfx-002', 0);
INSERT OR REPLACE INTO finish_graphic_compat (finish_id, graphic_id, compatible) VALUES ('fin-foil-decal', 'gfx-003', 0);
INSERT OR REPLACE INTO finish_graphic_compat (finish_id, graphic_id, compatible) VALUES ('fin-foil-decal', 'gfx-004', 0);
INSERT OR REPLACE INTO finish_graphic_compat (finish_id, graphic_id, compatible) VALUES ('fin-foil-decal', 'gfx-005', 1);
INSERT OR REPLACE INTO finishes (id, slug, name, category, description, hex_color, durability_score, durability_notes, price_band, cost_tier, finish_process, process_steps, source_file, template_id) VALUES ('fin-frosted', 'frosted', 'Frosted', 'Paint', 'Unsmooth surface leading to lower durability', 'hsl(307 35% 55%)', 2, 'Unsmooth surface leading to lower durability', '$$$', 3, 'Paint', 2, 'Finish_Library_2025_AK_10.22 1.xlsx', 'finish_library_ak');
INSERT OR REPLACE INTO finish_graphic_compat (finish_id, graphic_id, compatible) VALUES ('fin-frosted', 'gfx-001', 0);
INSERT OR REPLACE INTO finish_graphic_compat (finish_id, graphic_id, compatible) VALUES ('fin-frosted', 'gfx-002', 0);
INSERT OR REPLACE INTO finish_graphic_compat (finish_id, graphic_id, compatible) VALUES ('fin-frosted', 'gfx-003', 0);
INSERT OR REPLACE INTO finish_graphic_compat (finish_id, graphic_id, compatible) VALUES ('fin-frosted', 'gfx-004', 0);
INSERT OR REPLACE INTO finish_graphic_compat (finish_id, graphic_id, compatible) VALUES ('fin-frosted', 'gfx-005', 1);
INSERT OR REPLACE INTO finishes (id, slug, name, category, description, hex_color, durability_score, durability_notes, price_band, cost_tier, finish_process, process_steps, source_file, template_id) VALUES ('fin-frosted-ombr', 'frosted-ombr', 'Frosted Ombré', 'Paint', 'Unsmooth surface leading to lower durability', 'hsl(294 35% 55%)', 3, 'Unsmooth surface leading to lower durability', '$$$', 3, 'Paint', 3, 'Finish_Library_2025_AK_10.22 1.xlsx', 'finish_library_ak');
INSERT OR REPLACE INTO finish_graphic_compat (finish_id, graphic_id, compatible) VALUES ('fin-frosted-ombr', 'gfx-001', 0);
INSERT OR REPLACE INTO finish_graphic_compat (finish_id, graphic_id, compatible) VALUES ('fin-frosted-ombr', 'gfx-002', 0);
INSERT OR REPLACE INTO finish_graphic_compat (finish_id, graphic_id, compatible) VALUES ('fin-frosted-ombr', 'gfx-003', 0);
INSERT OR REPLACE INTO finish_graphic_compat (finish_id, graphic_id, compatible) VALUES ('fin-frosted-ombr', 'gfx-004', 0);
INSERT OR REPLACE INTO finish_graphic_compat (finish_id, graphic_id, compatible) VALUES ('fin-frosted-ombr', 'gfx-005', 1);
INSERT OR REPLACE INTO finishes (id, slug, name, category, description, hex_color, durability_score, durability_notes, price_band, cost_tier, finish_process, process_steps, source_file, template_id) VALUES ('fin-gilded', 'gilded', 'Gilded', 'Powder', 'Rough surface', 'hsl(105 35% 55%)', 4, 'Rough surface', '$$$$', 4, 'Powder', 1, 'Finish_Library_2025_AK_10.22 1.xlsx', 'finish_library_ak');
INSERT OR REPLACE INTO finish_graphic_compat (finish_id, graphic_id, compatible) VALUES ('fin-gilded', 'gfx-001', 0);
INSERT OR REPLACE INTO finish_graphic_compat (finish_id, graphic_id, compatible) VALUES ('fin-gilded', 'gfx-002', 0);
INSERT OR REPLACE INTO finish_graphic_compat (finish_id, graphic_id, compatible) VALUES ('fin-gilded', 'gfx-003', 0);
INSERT OR REPLACE INTO finish_graphic_compat (finish_id, graphic_id, compatible) VALUES ('fin-gilded', 'gfx-004', 0);
INSERT OR REPLACE INTO finish_graphic_compat (finish_id, graphic_id, compatible) VALUES ('fin-gilded', 'gfx-005', 1);
INSERT OR REPLACE INTO finishes (id, slug, name, category, description, hex_color, durability_score, durability_notes, price_band, cost_tier, finish_process, process_steps, source_file, template_id) VALUES ('fin-glitter', 'glitter', 'Glitter', 'Paint', 'Rough surface lowering durability', 'hsl(41 35% 55%)', 2, 'Rough surface lowering durability', '$$$', 3, 'Paint', 1, 'Finish_Library_2025_AK_10.22 1.xlsx', 'finish_library_ak');
INSERT OR REPLACE INTO finish_graphic_compat (finish_id, graphic_id, compatible) VALUES ('fin-glitter', 'gfx-001', 0);
INSERT OR REPLACE INTO finish_graphic_compat (finish_id, graphic_id, compatible) VALUES ('fin-glitter', 'gfx-002', 0);
INSERT OR REPLACE INTO finish_graphic_compat (finish_id, graphic_id, compatible) VALUES ('fin-glitter', 'gfx-003', 0);
INSERT OR REPLACE INTO finish_graphic_compat (finish_id, graphic_id, compatible) VALUES ('fin-glitter', 'gfx-004', 0);
INSERT OR REPLACE INTO finish_graphic_compat (finish_id, graphic_id, compatible) VALUES ('fin-glitter', 'gfx-005', 1);
INSERT OR REPLACE INTO finishes (id, slug, name, category, description, hex_color, durability_score, durability_notes, price_band, cost_tier, finish_process, process_steps, source_file, template_id) VALUES ('fin-glitter-coated', 'glitter-coated', 'Glitter Coated', 'Paint', '/', 'hsl(277 35% 55%)', 2, '/', '$$$', 3, 'Paint', 2, 'Finish_Library_2025_AK_10.22 1.xlsx', 'finish_library_ak');
INSERT OR REPLACE INTO finish_graphic_compat (finish_id, graphic_id, compatible) VALUES ('fin-glitter-coated', 'gfx-001', 1);
INSERT OR REPLACE INTO finish_graphic_compat (finish_id, graphic_id, compatible) VALUES ('fin-glitter-coated', 'gfx-002', 1);
INSERT OR REPLACE INTO finish_graphic_compat (finish_id, graphic_id, compatible) VALUES ('fin-glitter-coated', 'gfx-003', 1);
INSERT OR REPLACE INTO finish_graphic_compat (finish_id, graphic_id, compatible) VALUES ('fin-glitter-coated', 'gfx-004', 1);
INSERT OR REPLACE INTO finish_graphic_compat (finish_id, graphic_id, compatible) VALUES ('fin-glitter-coated', 'gfx-005', 1);
INSERT OR REPLACE INTO finishes (id, slug, name, category, description, hex_color, durability_score, durability_notes, price_band, cost_tier, finish_process, process_steps, source_file, template_id) VALUES ('fin-glitter-foil-decal', 'glitter-foil-decal', 'Glitter Foil Decal', 'Paint', 'Rough water decal leading to poor durability', 'hsl(88 35% 55%)', 1, 'Rough water decal leading to poor durability', '$$$$', 4, 'Paint', 2, 'Finish_Library_2025_AK_10.22 1.xlsx', 'finish_library_ak');
INSERT OR REPLACE INTO finish_graphic_compat (finish_id, graphic_id, compatible) VALUES ('fin-glitter-foil-decal', 'gfx-001', 0);
INSERT OR REPLACE INTO finish_graphic_compat (finish_id, graphic_id, compatible) VALUES ('fin-glitter-foil-decal', 'gfx-002', 0);
INSERT OR REPLACE INTO finish_graphic_compat (finish_id, graphic_id, compatible) VALUES ('fin-glitter-foil-decal', 'gfx-003', 0);
INSERT OR REPLACE INTO finish_graphic_compat (finish_id, graphic_id, compatible) VALUES ('fin-glitter-foil-decal', 'gfx-004', 0);
INSERT OR REPLACE INTO finish_graphic_compat (finish_id, graphic_id, compatible) VALUES ('fin-glitter-foil-decal', 'gfx-005', 1);
INSERT OR REPLACE INTO finishes (id, slug, name, category, description, hex_color, durability_score, durability_notes, price_band, cost_tier, finish_process, process_steps, source_file, template_id) VALUES ('fin-glitter-ombr', 'glitter-ombr', 'Glitter Ombré', 'Paint', 'Rough surface lowering durability', 'hsl(276 35% 55%)', 2, 'Rough surface lowering durability', '$$$$', 4, 'Paint', 2, 'Finish_Library_2025_AK_10.22 1.xlsx', 'finish_library_ak');
INSERT OR REPLACE INTO finish_graphic_compat (finish_id, graphic_id, compatible) VALUES ('fin-glitter-ombr', 'gfx-001', 0);
INSERT OR REPLACE INTO finish_graphic_compat (finish_id, graphic_id, compatible) VALUES ('fin-glitter-ombr', 'gfx-002', 0);
INSERT OR REPLACE INTO finish_graphic_compat (finish_id, graphic_id, compatible) VALUES ('fin-glitter-ombr', 'gfx-003', 0);
INSERT OR REPLACE INTO finish_graphic_compat (finish_id, graphic_id, compatible) VALUES ('fin-glitter-ombr', 'gfx-004', 0);
INSERT OR REPLACE INTO finish_graphic_compat (finish_id, graphic_id, compatible) VALUES ('fin-glitter-ombr', 'gfx-005', 1);
INSERT OR REPLACE INTO finishes (id, slug, name, category, description, hex_color, durability_score, durability_notes, price_band, cost_tier, finish_process, process_steps, source_file, template_id) VALUES ('fin-glossy-opaque', 'glossy-opaque', 'Glossy (Opaque)', 'Paint', '/', 'hsl(151 35% 55%)', 3, '/', '$$', 2, 'Paint', 1, 'Finish_Library_2025_AK_10.22 1.xlsx', 'finish_library_ak');
INSERT OR REPLACE INTO finish_graphic_compat (finish_id, graphic_id, compatible) VALUES ('fin-glossy-opaque', 'gfx-001', 1);
INSERT OR REPLACE INTO finish_graphic_compat (finish_id, graphic_id, compatible) VALUES ('fin-glossy-opaque', 'gfx-002', 1);
INSERT OR REPLACE INTO finish_graphic_compat (finish_id, graphic_id, compatible) VALUES ('fin-glossy-opaque', 'gfx-003', 1);
INSERT OR REPLACE INTO finish_graphic_compat (finish_id, graphic_id, compatible) VALUES ('fin-glossy-opaque', 'gfx-004', 1);
INSERT OR REPLACE INTO finish_graphic_compat (finish_id, graphic_id, compatible) VALUES ('fin-glossy-opaque', 'gfx-005', 1);
INSERT OR REPLACE INTO finishes (id, slug, name, category, description, hex_color, durability_score, durability_notes, price_band, cost_tier, finish_process, process_steps, source_file, template_id) VALUES ('fin-glossy-opaque-ombr', 'glossy-opaque-ombr', 'Glossy (Opaque) Ombré', 'Paint', '/', 'hsl(260 35% 55%)', 3, '/', '$$', 2, 'Paint', 2, 'Finish_Library_2025_AK_10.22 1.xlsx', 'finish_library_ak');
INSERT OR REPLACE INTO finish_graphic_compat (finish_id, graphic_id, compatible) VALUES ('fin-glossy-opaque-ombr', 'gfx-001', 1);
INSERT OR REPLACE INTO finish_graphic_compat (finish_id, graphic_id, compatible) VALUES ('fin-glossy-opaque-ombr', 'gfx-002', 1);
INSERT OR REPLACE INTO finish_graphic_compat (finish_id, graphic_id, compatible) VALUES ('fin-glossy-opaque-ombr', 'gfx-003', 1);
INSERT OR REPLACE INTO finish_graphic_compat (finish_id, graphic_id, compatible) VALUES ('fin-glossy-opaque-ombr', 'gfx-004', 1);
INSERT OR REPLACE INTO finish_graphic_compat (finish_id, graphic_id, compatible) VALUES ('fin-glossy-opaque-ombr', 'gfx-005', 1);
INSERT OR REPLACE INTO finishes (id, slug, name, category, description, hex_color, durability_score, durability_notes, price_band, cost_tier, finish_process, process_steps, source_file, template_id) VALUES ('fin-glow-in-the-dark', 'glow-in-the-dark', 'Glow in the dark', 'Paint', 'Ink contains glow-in-the-dark powder', 'hsl(173 35% 55%)', 3, 'Ink contains glow-in-the-dark powder', '$$$', 3, 'Paint', 2, 'Finish_Library_2025_AK_10.22 1.xlsx', 'finish_library_ak');
INSERT OR REPLACE INTO finish_graphic_compat (finish_id, graphic_id, compatible) VALUES ('fin-glow-in-the-dark', 'gfx-001', 0);
INSERT OR REPLACE INTO finish_graphic_compat (finish_id, graphic_id, compatible) VALUES ('fin-glow-in-the-dark', 'gfx-002', 0);
INSERT OR REPLACE INTO finish_graphic_compat (finish_id, graphic_id, compatible) VALUES ('fin-glow-in-the-dark', 'gfx-003', 0);
INSERT OR REPLACE INTO finish_graphic_compat (finish_id, graphic_id, compatible) VALUES ('fin-glow-in-the-dark', 'gfx-004', 0);
INSERT OR REPLACE INTO finish_graphic_compat (finish_id, graphic_id, compatible) VALUES ('fin-glow-in-the-dark', 'gfx-005', 1);
INSERT OR REPLACE INTO finishes (id, slug, name, category, description, hex_color, durability_score, durability_notes, price_band, cost_tier, finish_process, process_steps, source_file, template_id) VALUES ('fin-gold-sparkle-ombr', 'gold-sparkle-ombr', 'Gold Sparkle Ombré', 'Paint', '/', 'hsl(129 35% 55%)', 3, '/', '$$$', 3, 'Paint', 2, 'Finish_Library_2025_AK_10.22 1.xlsx', 'finish_library_ak');
INSERT OR REPLACE INTO finish_graphic_compat (finish_id, graphic_id, compatible) VALUES ('fin-gold-sparkle-ombr', 'gfx-001', 1);
INSERT OR REPLACE INTO finish_graphic_compat (finish_id, graphic_id, compatible) VALUES ('fin-gold-sparkle-ombr', 'gfx-002', 1);
INSERT OR REPLACE INTO finish_graphic_compat (finish_id, graphic_id, compatible) VALUES ('fin-gold-sparkle-ombr', 'gfx-003', 1);
INSERT OR REPLACE INTO finish_graphic_compat (finish_id, graphic_id, compatible) VALUES ('fin-gold-sparkle-ombr', 'gfx-004', 1);
INSERT OR REPLACE INTO finish_graphic_compat (finish_id, graphic_id, compatible) VALUES ('fin-gold-sparkle-ombr', 'gfx-005', 1);
INSERT OR REPLACE INTO finishes (id, slug, name, category, description, hex_color, durability_score, durability_notes, price_band, cost_tier, finish_process, process_steps, source_file, template_id) VALUES ('fin-half-air-transfer', 'half-air-transfer', 'Half Air Transfer', 'Paint', '/', 'hsl(38 35% 55%)', 2, '/', '$$$', 3, 'Paint', 4, 'Finish_Library_2025_AK_10.22 1.xlsx', 'finish_library_ak');
INSERT OR REPLACE INTO finish_graphic_compat (finish_id, graphic_id, compatible) VALUES ('fin-half-air-transfer', 'gfx-001', 0);
INSERT OR REPLACE INTO finish_graphic_compat (finish_id, graphic_id, compatible) VALUES ('fin-half-air-transfer', 'gfx-002', 0);
INSERT OR REPLACE INTO finish_graphic_compat (finish_id, graphic_id, compatible) VALUES ('fin-half-air-transfer', 'gfx-003', 0);
INSERT OR REPLACE INTO finish_graphic_compat (finish_id, graphic_id, compatible) VALUES ('fin-half-air-transfer', 'gfx-004', 0);
INSERT OR REPLACE INTO finish_graphic_compat (finish_id, graphic_id, compatible) VALUES ('fin-half-air-transfer', 'gfx-005', 0);
INSERT OR REPLACE INTO finishes (id, slug, name, category, description, hex_color, durability_score, durability_notes, price_band, cost_tier, finish_process, process_steps, source_file, template_id) VALUES ('fin-half-rubberized', 'half-rubberized', 'Half Rubberized', 'Paint', 'Rubberized paint has poor durability', 'hsl(29 35% 55%)', 1, 'Rubberized paint has poor durability', '$$$', 3, 'Paint', 2, 'Finish_Library_2025_AK_10.22 1.xlsx', 'finish_library_ak');
INSERT OR REPLACE INTO finish_graphic_compat (finish_id, graphic_id, compatible) VALUES ('fin-half-rubberized', 'gfx-001', 1);
INSERT OR REPLACE INTO finish_graphic_compat (finish_id, graphic_id, compatible) VALUES ('fin-half-rubberized', 'gfx-002', 1);
INSERT OR REPLACE INTO finish_graphic_compat (finish_id, graphic_id, compatible) VALUES ('fin-half-rubberized', 'gfx-003', 1);
INSERT OR REPLACE INTO finish_graphic_compat (finish_id, graphic_id, compatible) VALUES ('fin-half-rubberized', 'gfx-004', 1);
INSERT OR REPLACE INTO finish_graphic_compat (finish_id, graphic_id, compatible) VALUES ('fin-half-rubberized', 'gfx-005', 1);
INSERT OR REPLACE INTO finishes (id, slug, name, category, description, hex_color, durability_score, durability_notes, price_band, cost_tier, finish_process, process_steps, source_file, template_id) VALUES ('fin-heat-transfer', 'heat-transfer', 'Heat Transfer', 'Paint', 'Ink printed on vessel', 'hsl(187 35% 55%)', 3, 'Ink printed on vessel', '$$', 2, 'Paint', 2, 'Finish_Library_2025_AK_10.22 1.xlsx', 'finish_library_ak');
INSERT OR REPLACE INTO finish_graphic_compat (finish_id, graphic_id, compatible) VALUES ('fin-heat-transfer', 'gfx-001', 0);
INSERT OR REPLACE INTO finish_graphic_compat (finish_id, graphic_id, compatible) VALUES ('fin-heat-transfer', 'gfx-002', 0);
INSERT OR REPLACE INTO finish_graphic_compat (finish_id, graphic_id, compatible) VALUES ('fin-heat-transfer', 'gfx-003', 0);
INSERT OR REPLACE INTO finish_graphic_compat (finish_id, graphic_id, compatible) VALUES ('fin-heat-transfer', 'gfx-004', 0);
INSERT OR REPLACE INTO finish_graphic_compat (finish_id, graphic_id, compatible) VALUES ('fin-heat-transfer', 'gfx-005', 1);
INSERT OR REPLACE INTO finishes (id, slug, name, category, description, hex_color, durability_score, durability_notes, price_band, cost_tier, finish_process, process_steps, source_file, template_id) VALUES ('fin-heat-transfer-2', 'heat-transfer-2', 'Heat Transfer', 'Paint', 'Ink printed on vessel', 'hsl(187 35% 55%)', 3, 'Ink printed on vessel', '$$', 2, 'Paint', 2, 'Finish_Library_2025_AK_10.22 1.xlsx', 'finish_library_ak');
INSERT OR REPLACE INTO finish_graphic_compat (finish_id, graphic_id, compatible) VALUES ('fin-heat-transfer-2', 'gfx-001', 0);
INSERT OR REPLACE INTO finish_graphic_compat (finish_id, graphic_id, compatible) VALUES ('fin-heat-transfer-2', 'gfx-002', 0);
INSERT OR REPLACE INTO finish_graphic_compat (finish_id, graphic_id, compatible) VALUES ('fin-heat-transfer-2', 'gfx-003', 0);
INSERT OR REPLACE INTO finish_graphic_compat (finish_id, graphic_id, compatible) VALUES ('fin-heat-transfer-2', 'gfx-004', 0);
INSERT OR REPLACE INTO finish_graphic_compat (finish_id, graphic_id, compatible) VALUES ('fin-heat-transfer-2', 'gfx-005', 1);
INSERT OR REPLACE INTO finishes (id, slug, name, category, description, hex_color, durability_score, durability_notes, price_band, cost_tier, finish_process, process_steps, source_file, template_id) VALUES ('fin-high-gloss', 'high-gloss', 'High Gloss', 'Buff', 'Smooth surface is prone to scratches and fingerprints', 'hsl(20 35% 55%)', 1, 'Smooth surface is prone to scratches and fingerprints', '$$$', 3, 'Buff', 1, 'Finish_Library_2025_AK_10.22 1.xlsx', 'finish_library_ak');
INSERT OR REPLACE INTO finish_graphic_compat (finish_id, graphic_id, compatible) VALUES ('fin-high-gloss', 'gfx-001', 0);
INSERT OR REPLACE INTO finish_graphic_compat (finish_id, graphic_id, compatible) VALUES ('fin-high-gloss', 'gfx-002', 0);
INSERT OR REPLACE INTO finish_graphic_compat (finish_id, graphic_id, compatible) VALUES ('fin-high-gloss', 'gfx-003', 0);
INSERT OR REPLACE INTO finish_graphic_compat (finish_id, graphic_id, compatible) VALUES ('fin-high-gloss', 'gfx-004', 0);
INSERT OR REPLACE INTO finish_graphic_compat (finish_id, graphic_id, compatible) VALUES ('fin-high-gloss', 'gfx-005', 1);
INSERT OR REPLACE INTO finishes (id, slug, name, category, description, hex_color, durability_score, durability_notes, price_band, cost_tier, finish_process, process_steps, source_file, template_id) VALUES ('fin-hydroform', 'hydroform', 'Hydroform', 'Not Applicable', '/ Outsourced', 'hsl(260 35% 55%)', NULL, '/', NULL, NULL, 'Not Applicable', 1, 'Finish_Library_2025_AK_10.22 1.xlsx', 'finish_library_ak');
INSERT OR REPLACE INTO finish_graphic_compat (finish_id, graphic_id, compatible) VALUES ('fin-hydroform', 'gfx-001', 0);
INSERT OR REPLACE INTO finish_graphic_compat (finish_id, graphic_id, compatible) VALUES ('fin-hydroform', 'gfx-002', 0);
INSERT OR REPLACE INTO finish_graphic_compat (finish_id, graphic_id, compatible) VALUES ('fin-hydroform', 'gfx-003', 0);
INSERT OR REPLACE INTO finish_graphic_compat (finish_id, graphic_id, compatible) VALUES ('fin-hydroform', 'gfx-004', 0);
INSERT OR REPLACE INTO finish_graphic_compat (finish_id, graphic_id, compatible) VALUES ('fin-hydroform', 'gfx-005', 1);
INSERT OR REPLACE INTO finishes (id, slug, name, category, description, hex_color, durability_score, durability_notes, price_band, cost_tier, finish_process, process_steps, source_file, template_id) VALUES ('fin-ionplating', 'ionplating', 'Ionplating', 'Not Applicable', 'Thin coating, durability poor Outsourced', 'hsl(235 35% 55%)', 1, 'Thin coating, durability poor', '$$$$', 4, 'Not Applicable', 1, 'Finish_Library_2025_AK_10.22 1.xlsx', 'finish_library_ak');
INSERT OR REPLACE INTO finish_graphic_compat (finish_id, graphic_id, compatible) VALUES ('fin-ionplating', 'gfx-001', 0);
INSERT OR REPLACE INTO finish_graphic_compat (finish_id, graphic_id, compatible) VALUES ('fin-ionplating', 'gfx-002', 0);
INSERT OR REPLACE INTO finish_graphic_compat (finish_id, graphic_id, compatible) VALUES ('fin-ionplating', 'gfx-003', 0);
INSERT OR REPLACE INTO finish_graphic_compat (finish_id, graphic_id, compatible) VALUES ('fin-ionplating', 'gfx-004', 0);
INSERT OR REPLACE INTO finish_graphic_compat (finish_id, graphic_id, compatible) VALUES ('fin-ionplating', 'gfx-005', 1);
INSERT OR REPLACE INTO finishes (id, slug, name, category, description, hex_color, durability_score, durability_notes, price_band, cost_tier, finish_process, process_steps, source_file, template_id) VALUES ('fin-iridescent-sparkle', 'iridescent-sparkle', 'Iridescent Sparkle', 'Paint', 'Surface has fine granular texture', 'hsl(96 35% 55%)', 3, 'Surface has fine granular texture', '$$$$', 4, 'Paint', 2, 'Finish_Library_2025_AK_10.22 1.xlsx', 'finish_library_ak');
INSERT OR REPLACE INTO finish_graphic_compat (finish_id, graphic_id, compatible) VALUES ('fin-iridescent-sparkle', 'gfx-001', 1);
INSERT OR REPLACE INTO finish_graphic_compat (finish_id, graphic_id, compatible) VALUES ('fin-iridescent-sparkle', 'gfx-002', 1);
INSERT OR REPLACE INTO finish_graphic_compat (finish_id, graphic_id, compatible) VALUES ('fin-iridescent-sparkle', 'gfx-003', 1);
INSERT OR REPLACE INTO finish_graphic_compat (finish_id, graphic_id, compatible) VALUES ('fin-iridescent-sparkle', 'gfx-004', 1);
INSERT OR REPLACE INTO finish_graphic_compat (finish_id, graphic_id, compatible) VALUES ('fin-iridescent-sparkle', 'gfx-005', 1);
INSERT OR REPLACE INTO finishes (id, slug, name, category, description, hex_color, durability_score, durability_notes, price_band, cost_tier, finish_process, process_steps, source_file, template_id) VALUES ('fin-laser-engraved', 'laser-engraved', 'Laser Engraved', 'Not Applicable', '/', 'hsl(301 35% 55%)', 4, '/', '$$', 2, 'Not Applicable', 1, 'Finish_Library_2025_AK_10.22 1.xlsx', 'finish_library_ak');
INSERT OR REPLACE INTO finish_graphic_compat (finish_id, graphic_id, compatible) VALUES ('fin-laser-engraved', 'gfx-001', 0);
INSERT OR REPLACE INTO finish_graphic_compat (finish_id, graphic_id, compatible) VALUES ('fin-laser-engraved', 'gfx-002', 0);
INSERT OR REPLACE INTO finish_graphic_compat (finish_id, graphic_id, compatible) VALUES ('fin-laser-engraved', 'gfx-003', 0);
INSERT OR REPLACE INTO finish_graphic_compat (finish_id, graphic_id, compatible) VALUES ('fin-laser-engraved', 'gfx-004', 0);
INSERT OR REPLACE INTO finish_graphic_compat (finish_id, graphic_id, compatible) VALUES ('fin-laser-engraved', 'gfx-005', 0);
INSERT OR REPLACE INTO finishes (id, slug, name, category, description, hex_color, durability_score, durability_notes, price_band, cost_tier, finish_process, process_steps, source_file, template_id) VALUES ('fin-laser-engraved-full-body', 'laser-engraved-full-body', 'Laser Engraved Full Body', 'Not Applicable', '/', 'hsl(0 35% 55%)', 4, '/', '$$', 2, 'Not Applicable', 1, 'Finish_Library_2025_AK_10.22 1.xlsx', 'finish_library_ak');
INSERT OR REPLACE INTO finish_graphic_compat (finish_id, graphic_id, compatible) VALUES ('fin-laser-engraved-full-body', 'gfx-001', 0);
INSERT OR REPLACE INTO finish_graphic_compat (finish_id, graphic_id, compatible) VALUES ('fin-laser-engraved-full-body', 'gfx-002', 0);
INSERT OR REPLACE INTO finish_graphic_compat (finish_id, graphic_id, compatible) VALUES ('fin-laser-engraved-full-body', 'gfx-003', 0);
INSERT OR REPLACE INTO finish_graphic_compat (finish_id, graphic_id, compatible) VALUES ('fin-laser-engraved-full-body', 'gfx-004', 0);
INSERT OR REPLACE INTO finish_graphic_compat (finish_id, graphic_id, compatible) VALUES ('fin-laser-engraved-full-body', 'gfx-005', 0);
INSERT OR REPLACE INTO finishes (id, slug, name, category, description, hex_color, durability_score, durability_notes, price_band, cost_tier, finish_process, process_steps, source_file, template_id) VALUES ('fin-leafed-foil', 'leafed-foil', 'Leafed Foil', 'Paint', 'Rough surface, poor durability', 'hsl(127 35% 55%)', 1, 'Rough surface, poor durability', '$$$', 3, 'Paint', 2, 'Finish_Library_2025_AK_10.22 1.xlsx', 'finish_library_ak');
INSERT OR REPLACE INTO finish_graphic_compat (finish_id, graphic_id, compatible) VALUES ('fin-leafed-foil', 'gfx-001', 0);
INSERT OR REPLACE INTO finish_graphic_compat (finish_id, graphic_id, compatible) VALUES ('fin-leafed-foil', 'gfx-002', 0);
INSERT OR REPLACE INTO finish_graphic_compat (finish_id, graphic_id, compatible) VALUES ('fin-leafed-foil', 'gfx-003', 0);
INSERT OR REPLACE INTO finish_graphic_compat (finish_id, graphic_id, compatible) VALUES ('fin-leafed-foil', 'gfx-004', 0);
INSERT OR REPLACE INTO finish_graphic_compat (finish_id, graphic_id, compatible) VALUES ('fin-leafed-foil', 'gfx-005', 1);
INSERT OR REPLACE INTO finishes (id, slug, name, category, description, hex_color, durability_score, durability_notes, price_band, cost_tier, finish_process, process_steps, source_file, template_id) VALUES ('fin-leather-finish', 'leather-finish', 'Leather Finish', 'Powder', 'Powder coating process increases durability', 'hsl(306 35% 55%)', 3, 'Powder coating process increases durability', '$$', 2, 'Powder', 1, 'Finish_Library_2025_AK_10.22 1.xlsx', 'finish_library_ak');
INSERT OR REPLACE INTO finish_graphic_compat (finish_id, graphic_id, compatible) VALUES ('fin-leather-finish', 'gfx-001', 0);
INSERT OR REPLACE INTO finish_graphic_compat (finish_id, graphic_id, compatible) VALUES ('fin-leather-finish', 'gfx-002', 0);
INSERT OR REPLACE INTO finish_graphic_compat (finish_id, graphic_id, compatible) VALUES ('fin-leather-finish', 'gfx-003', 0);
INSERT OR REPLACE INTO finish_graphic_compat (finish_id, graphic_id, compatible) VALUES ('fin-leather-finish', 'gfx-004', 0);
INSERT OR REPLACE INTO finish_graphic_compat (finish_id, graphic_id, compatible) VALUES ('fin-leather-finish', 'gfx-005', 1);
INSERT OR REPLACE INTO finishes (id, slug, name, category, description, hex_color, durability_score, durability_notes, price_band, cost_tier, finish_process, process_steps, source_file, template_id) VALUES ('fin-semi-matte', 'semi-matte', 'Semi-Matte', 'Paint', '/', 'hsl(170 35% 55%)', 3, '/', '$$', 2, 'Paint', 1, 'Finish_Library_2025_AK_10.22 1.xlsx', 'finish_library_ak');
INSERT OR REPLACE INTO finish_graphic_compat (finish_id, graphic_id, compatible) VALUES ('fin-semi-matte', 'gfx-001', 1);
INSERT OR REPLACE INTO finish_graphic_compat (finish_id, graphic_id, compatible) VALUES ('fin-semi-matte', 'gfx-002', 1);
INSERT OR REPLACE INTO finish_graphic_compat (finish_id, graphic_id, compatible) VALUES ('fin-semi-matte', 'gfx-003', 1);
INSERT OR REPLACE INTO finish_graphic_compat (finish_id, graphic_id, compatible) VALUES ('fin-semi-matte', 'gfx-004', 0);
INSERT OR REPLACE INTO finish_graphic_compat (finish_id, graphic_id, compatible) VALUES ('fin-semi-matte', 'gfx-005', 1);
INSERT OR REPLACE INTO finishes (id, slug, name, category, description, hex_color, durability_score, durability_notes, price_band, cost_tier, finish_process, process_steps, source_file, template_id) VALUES ('fin-semi-matte-metallic', 'semi-matte-metallic', 'Semi-Matte Metallic', 'Paint', '/', 'hsl(85 35% 55%)', 3, '/', '$$', 2, 'Paint', 1, 'Finish_Library_2025_AK_10.22 1.xlsx', 'finish_library_ak');
INSERT OR REPLACE INTO finish_graphic_compat (finish_id, graphic_id, compatible) VALUES ('fin-semi-matte-metallic', 'gfx-001', 1);
INSERT OR REPLACE INTO finish_graphic_compat (finish_id, graphic_id, compatible) VALUES ('fin-semi-matte-metallic', 'gfx-002', 1);
INSERT OR REPLACE INTO finish_graphic_compat (finish_id, graphic_id, compatible) VALUES ('fin-semi-matte-metallic', 'gfx-003', 1);
INSERT OR REPLACE INTO finish_graphic_compat (finish_id, graphic_id, compatible) VALUES ('fin-semi-matte-metallic', 'gfx-004', 0);
INSERT OR REPLACE INTO finish_graphic_compat (finish_id, graphic_id, compatible) VALUES ('fin-semi-matte-metallic', 'gfx-005', 1);
INSERT OR REPLACE INTO finishes (id, slug, name, category, description, hex_color, durability_score, durability_notes, price_band, cost_tier, finish_process, process_steps, source_file, template_id) VALUES ('fin-semi-matte-ombr', 'semi-matte-ombr', 'Semi-Matte Ombré', 'Paint', '/', 'hsl(69 35% 55%)', 3, '/', '$$', 2, 'Paint', 2, 'Finish_Library_2025_AK_10.22 1.xlsx', 'finish_library_ak');
INSERT OR REPLACE INTO finish_graphic_compat (finish_id, graphic_id, compatible) VALUES ('fin-semi-matte-ombr', 'gfx-001', 1);
INSERT OR REPLACE INTO finish_graphic_compat (finish_id, graphic_id, compatible) VALUES ('fin-semi-matte-ombr', 'gfx-002', 1);
INSERT OR REPLACE INTO finish_graphic_compat (finish_id, graphic_id, compatible) VALUES ('fin-semi-matte-ombr', 'gfx-003', 1);
INSERT OR REPLACE INTO finish_graphic_compat (finish_id, graphic_id, compatible) VALUES ('fin-semi-matte-ombr', 'gfx-004', 0);
INSERT OR REPLACE INTO finish_graphic_compat (finish_id, graphic_id, compatible) VALUES ('fin-semi-matte-ombr', 'gfx-005', 1);
INSERT OR REPLACE INTO finishes (id, slug, name, category, description, hex_color, durability_score, durability_notes, price_band, cost_tier, finish_process, process_steps, source_file, template_id) VALUES ('fin-metallic', 'metallic', 'Metallic', 'Paint', '/', 'hsl(207 35% 55%)', 3, '/', '$$', 2, 'Paint', 1, 'Finish_Library_2025_AK_10.22 1.xlsx', 'finish_library_ak');
INSERT OR REPLACE INTO finish_graphic_compat (finish_id, graphic_id, compatible) VALUES ('fin-metallic', 'gfx-001', 1);
INSERT OR REPLACE INTO finish_graphic_compat (finish_id, graphic_id, compatible) VALUES ('fin-metallic', 'gfx-002', 1);
INSERT OR REPLACE INTO finish_graphic_compat (finish_id, graphic_id, compatible) VALUES ('fin-metallic', 'gfx-003', 1);
INSERT OR REPLACE INTO finish_graphic_compat (finish_id, graphic_id, compatible) VALUES ('fin-metallic', 'gfx-004', 1);
INSERT OR REPLACE INTO finish_graphic_compat (finish_id, graphic_id, compatible) VALUES ('fin-metallic', 'gfx-005', 1);
INSERT OR REPLACE INTO finishes (id, slug, name, category, description, hex_color, durability_score, durability_notes, price_band, cost_tier, finish_process, process_steps, source_file, template_id) VALUES ('fin-metallic-ombr', 'metallic-ombr', 'Metallic Ombré', 'Paint', '/', 'hsl(330 35% 55%)', 3, '/', '$$', 2, 'Paint', 2, 'Finish_Library_2025_AK_10.22 1.xlsx', 'finish_library_ak');
INSERT OR REPLACE INTO finish_graphic_compat (finish_id, graphic_id, compatible) VALUES ('fin-metallic-ombr', 'gfx-001', 1);
INSERT OR REPLACE INTO finish_graphic_compat (finish_id, graphic_id, compatible) VALUES ('fin-metallic-ombr', 'gfx-002', 1);
INSERT OR REPLACE INTO finish_graphic_compat (finish_id, graphic_id, compatible) VALUES ('fin-metallic-ombr', 'gfx-003', 1);
INSERT OR REPLACE INTO finish_graphic_compat (finish_id, graphic_id, compatible) VALUES ('fin-metallic-ombr', 'gfx-004', 1);
INSERT OR REPLACE INTO finish_graphic_compat (finish_id, graphic_id, compatible) VALUES ('fin-metallic-ombr', 'gfx-005', 1);
INSERT OR REPLACE INTO finishes (id, slug, name, category, description, hex_color, durability_score, durability_notes, price_band, cost_tier, finish_process, process_steps, source_file, template_id) VALUES ('fin-metallic-powder-coating', 'metallic-powder-coating', 'Metallic Powder Coating', 'Powder', 'Powder coating process increases durability', 'hsl(229 35% 55%)', 3.5, 'Powder coating process increases durability', '$$', 2, 'Powder', 1, 'Finish_Library_2025_AK_10.22 1.xlsx', 'finish_library_ak');
INSERT OR REPLACE INTO finish_graphic_compat (finish_id, graphic_id, compatible) VALUES ('fin-metallic-powder-coating', 'gfx-001', 1);
INSERT OR REPLACE INTO finish_graphic_compat (finish_id, graphic_id, compatible) VALUES ('fin-metallic-powder-coating', 'gfx-002', 1);
INSERT OR REPLACE INTO finish_graphic_compat (finish_id, graphic_id, compatible) VALUES ('fin-metallic-powder-coating', 'gfx-003', 1);
INSERT OR REPLACE INTO finish_graphic_compat (finish_id, graphic_id, compatible) VALUES ('fin-metallic-powder-coating', 'gfx-004', 0);
INSERT OR REPLACE INTO finish_graphic_compat (finish_id, graphic_id, compatible) VALUES ('fin-metallic-powder-coating', 'gfx-005', 1);
INSERT OR REPLACE INTO finishes (id, slug, name, category, description, hex_color, durability_score, durability_notes, price_band, cost_tier, finish_process, process_steps, source_file, template_id) VALUES ('fin-metallic-rubberized', 'metallic-rubberized', 'Metallic Rubberized', 'Paint', 'Rubberized paint has poor durability', 'hsl(217 35% 55%)', 1, 'Rubberized paint has poor durability', '$$$', 3, 'Paint', 2, 'Finish_Library_2025_AK_10.22 1.xlsx', 'finish_library_ak');
INSERT OR REPLACE INTO finish_graphic_compat (finish_id, graphic_id, compatible) VALUES ('fin-metallic-rubberized', 'gfx-001', 0);
INSERT OR REPLACE INTO finish_graphic_compat (finish_id, graphic_id, compatible) VALUES ('fin-metallic-rubberized', 'gfx-002', 0);
INSERT OR REPLACE INTO finish_graphic_compat (finish_id, graphic_id, compatible) VALUES ('fin-metallic-rubberized', 'gfx-003', 1);
INSERT OR REPLACE INTO finish_graphic_compat (finish_id, graphic_id, compatible) VALUES ('fin-metallic-rubberized', 'gfx-004', 1);
INSERT OR REPLACE INTO finish_graphic_compat (finish_id, graphic_id, compatible) VALUES ('fin-metallic-rubberized', 'gfx-005', 1);
INSERT OR REPLACE INTO finishes (id, slug, name, category, description, hex_color, durability_score, durability_notes, price_band, cost_tier, finish_process, process_steps, source_file, template_id) VALUES ('fin-metallic-speckle', 'metallic-speckle', 'Metallic Speckle', 'Paint', '/', 'hsl(152 35% 55%)', 3, '/', '$$', 2, 'Paint', 2, 'Finish_Library_2025_AK_10.22 1.xlsx', 'finish_library_ak');
INSERT OR REPLACE INTO finish_graphic_compat (finish_id, graphic_id, compatible) VALUES ('fin-metallic-speckle', 'gfx-001', 0);
INSERT OR REPLACE INTO finish_graphic_compat (finish_id, graphic_id, compatible) VALUES ('fin-metallic-speckle', 'gfx-002', 0);
INSERT OR REPLACE INTO finish_graphic_compat (finish_id, graphic_id, compatible) VALUES ('fin-metallic-speckle', 'gfx-003', 1);
INSERT OR REPLACE INTO finish_graphic_compat (finish_id, graphic_id, compatible) VALUES ('fin-metallic-speckle', 'gfx-004', 1);
INSERT OR REPLACE INTO finish_graphic_compat (finish_id, graphic_id, compatible) VALUES ('fin-metallic-speckle', 'gfx-005', 1);
INSERT OR REPLACE INTO finishes (id, slug, name, category, description, hex_color, durability_score, durability_notes, price_band, cost_tier, finish_process, process_steps, source_file, template_id) VALUES ('fin-metallic-splatter', 'metallic-splatter', 'Metallic Splatter', 'Paint', 'Rough surface, poor durability', 'hsl(152 35% 55%)', 1, 'Rough surface, poor durability', '$$$$', 4, 'Paint', 2, 'Finish_Library_2025_AK_10.22 1.xlsx', 'finish_library_ak');
INSERT OR REPLACE INTO finish_graphic_compat (finish_id, graphic_id, compatible) VALUES ('fin-metallic-splatter', 'gfx-001', 0);
INSERT OR REPLACE INTO finish_graphic_compat (finish_id, graphic_id, compatible) VALUES ('fin-metallic-splatter', 'gfx-002', 0);
INSERT OR REPLACE INTO finish_graphic_compat (finish_id, graphic_id, compatible) VALUES ('fin-metallic-splatter', 'gfx-003', 1);
INSERT OR REPLACE INTO finish_graphic_compat (finish_id, graphic_id, compatible) VALUES ('fin-metallic-splatter', 'gfx-004', 1);
INSERT OR REPLACE INTO finish_graphic_compat (finish_id, graphic_id, compatible) VALUES ('fin-metallic-splatter', 'gfx-005', 1);
INSERT OR REPLACE INTO finishes (id, slug, name, category, description, hex_color, durability_score, durability_notes, price_band, cost_tier, finish_process, process_steps, source_file, template_id) VALUES ('fin-mirror', 'mirror', 'Mirror', 'Buff', 'Smooth surface is prone to scratches and fingerprints', 'hsl(215 35% 55%)', 1, 'Smooth surface is prone to scratches and fingerprints', '$$$$', 4, 'Buff', 1, 'Finish_Library_2025_AK_10.22 1.xlsx', 'finish_library_ak');
INSERT OR REPLACE INTO finish_graphic_compat (finish_id, graphic_id, compatible) VALUES ('fin-mirror', 'gfx-001', 0);
INSERT OR REPLACE INTO finish_graphic_compat (finish_id, graphic_id, compatible) VALUES ('fin-mirror', 'gfx-002', 0);
INSERT OR REPLACE INTO finish_graphic_compat (finish_id, graphic_id, compatible) VALUES ('fin-mirror', 'gfx-003', 0);
INSERT OR REPLACE INTO finish_graphic_compat (finish_id, graphic_id, compatible) VALUES ('fin-mirror', 'gfx-004', 0);
INSERT OR REPLACE INTO finish_graphic_compat (finish_id, graphic_id, compatible) VALUES ('fin-mirror', 'gfx-005', 1);
INSERT OR REPLACE INTO finishes (id, slug, name, category, description, hex_color, durability_score, durability_notes, price_band, cost_tier, finish_process, process_steps, source_file, template_id) VALUES ('fin-ombr-freeform', 'ombr-freeform', 'Ombré Freeform', 'Paint', 'Standard paint Design Dependent', 'hsl(317 35% 55%)', 3, 'Standard paint', '$$$$', 4, 'Paint', NULL, 'Finish_Library_2025_AK_10.22 1.xlsx', 'finish_library_ak');
INSERT OR REPLACE INTO finish_graphic_compat (finish_id, graphic_id, compatible) VALUES ('fin-ombr-freeform', 'gfx-001', 1);
INSERT OR REPLACE INTO finish_graphic_compat (finish_id, graphic_id, compatible) VALUES ('fin-ombr-freeform', 'gfx-002', 1);
INSERT OR REPLACE INTO finish_graphic_compat (finish_id, graphic_id, compatible) VALUES ('fin-ombr-freeform', 'gfx-003', 1);
INSERT OR REPLACE INTO finish_graphic_compat (finish_id, graphic_id, compatible) VALUES ('fin-ombr-freeform', 'gfx-004', 1);
INSERT OR REPLACE INTO finish_graphic_compat (finish_id, graphic_id, compatible) VALUES ('fin-ombr-freeform', 'gfx-005', 1);
INSERT OR REPLACE INTO finishes (id, slug, name, category, description, hex_color, durability_score, durability_notes, price_band, cost_tier, finish_process, process_steps, source_file, template_id) VALUES ('fin-ombr-iridescent-sparkle', 'ombr-iridescent-sparkle', 'Ombré Iridescent Sparkle', 'Paint', 'Surface has fine granular texture', 'hsl(45 35% 55%)', 3, 'Surface has fine granular texture', '$$$$', 4, 'Paint', 3, 'Finish_Library_2025_AK_10.22 1.xlsx', 'finish_library_ak');
INSERT OR REPLACE INTO finish_graphic_compat (finish_id, graphic_id, compatible) VALUES ('fin-ombr-iridescent-sparkle', 'gfx-001', 1);
INSERT OR REPLACE INTO finish_graphic_compat (finish_id, graphic_id, compatible) VALUES ('fin-ombr-iridescent-sparkle', 'gfx-002', 1);
INSERT OR REPLACE INTO finish_graphic_compat (finish_id, graphic_id, compatible) VALUES ('fin-ombr-iridescent-sparkle', 'gfx-003', 1);
INSERT OR REPLACE INTO finish_graphic_compat (finish_id, graphic_id, compatible) VALUES ('fin-ombr-iridescent-sparkle', 'gfx-004', 1);
INSERT OR REPLACE INTO finish_graphic_compat (finish_id, graphic_id, compatible) VALUES ('fin-ombr-iridescent-sparkle', 'gfx-005', 1);
INSERT OR REPLACE INTO finishes (id, slug, name, category, description, hex_color, durability_score, durability_notes, price_band, cost_tier, finish_process, process_steps, source_file, template_id) VALUES ('fin-ombr-iridescent-sparkle-rainwater', 'ombr-iridescent-sparkle-rainwater', 'Ombré Iridescent Sparkle Rainwater', 'Paint', 'Surface has fine granular texture', 'hsl(80 35% 55%)', 3, 'Surface has fine granular texture', '$$$$', 4, 'Paint', 3, 'Finish_Library_2025_AK_10.22 1.xlsx', 'finish_library_ak');
INSERT OR REPLACE INTO finish_graphic_compat (finish_id, graphic_id, compatible) VALUES ('fin-ombr-iridescent-sparkle-rainwater', 'gfx-001', 1);
INSERT OR REPLACE INTO finish_graphic_compat (finish_id, graphic_id, compatible) VALUES ('fin-ombr-iridescent-sparkle-rainwater', 'gfx-002', 1);
INSERT OR REPLACE INTO finish_graphic_compat (finish_id, graphic_id, compatible) VALUES ('fin-ombr-iridescent-sparkle-rainwater', 'gfx-003', 1);
INSERT OR REPLACE INTO finish_graphic_compat (finish_id, graphic_id, compatible) VALUES ('fin-ombr-iridescent-sparkle-rainwater', 'gfx-004', 1);
INSERT OR REPLACE INTO finish_graphic_compat (finish_id, graphic_id, compatible) VALUES ('fin-ombr-iridescent-sparkle-rainwater', 'gfx-005', 1);
INSERT OR REPLACE INTO finishes (id, slug, name, category, description, hex_color, durability_score, durability_notes, price_band, cost_tier, finish_process, process_steps, source_file, template_id) VALUES ('fin-pearlized', 'pearlized', 'Pearlized', 'Powder', '/', 'hsl(214 35% 55%)', 3, '/', '$$', 2, 'Powder', 2, 'Finish_Library_2025_AK_10.22 1.xlsx', 'finish_library_ak');
INSERT OR REPLACE INTO finish_graphic_compat (finish_id, graphic_id, compatible) VALUES ('fin-pearlized', 'gfx-001', 1);
INSERT OR REPLACE INTO finish_graphic_compat (finish_id, graphic_id, compatible) VALUES ('fin-pearlized', 'gfx-002', 1);
INSERT OR REPLACE INTO finish_graphic_compat (finish_id, graphic_id, compatible) VALUES ('fin-pearlized', 'gfx-003', 1);
INSERT OR REPLACE INTO finish_graphic_compat (finish_id, graphic_id, compatible) VALUES ('fin-pearlized', 'gfx-004', 1);
INSERT OR REPLACE INTO finish_graphic_compat (finish_id, graphic_id, compatible) VALUES ('fin-pearlized', 'gfx-005', 1);
INSERT OR REPLACE INTO finishes (id, slug, name, category, description, hex_color, durability_score, durability_notes, price_band, cost_tier, finish_process, process_steps, source_file, template_id) VALUES ('fin-powder-coating', 'powder-coating', 'Powder Coating', 'Powder', 'Powder coating process increases durability', 'hsl(132 35% 55%)', 4, 'Powder coating process increases durability', '$$', 2, 'Powder', 1, 'Finish_Library_2025_AK_10.22 1.xlsx', 'finish_library_ak');
INSERT OR REPLACE INTO finish_graphic_compat (finish_id, graphic_id, compatible) VALUES ('fin-powder-coating', 'gfx-001', 1);
INSERT OR REPLACE INTO finish_graphic_compat (finish_id, graphic_id, compatible) VALUES ('fin-powder-coating', 'gfx-002', 1);
INSERT OR REPLACE INTO finish_graphic_compat (finish_id, graphic_id, compatible) VALUES ('fin-powder-coating', 'gfx-003', 1);
INSERT OR REPLACE INTO finish_graphic_compat (finish_id, graphic_id, compatible) VALUES ('fin-powder-coating', 'gfx-004', 0);
INSERT OR REPLACE INTO finish_graphic_compat (finish_id, graphic_id, compatible) VALUES ('fin-powder-coating', 'gfx-005', 1);
INSERT OR REPLACE INTO finishes (id, slug, name, category, description, hex_color, durability_score, durability_notes, price_band, cost_tier, finish_process, process_steps, source_file, template_id) VALUES ('fin-powder-coating-white-speckle', 'powder-coating-white-speckle', 'Powder Coating & White Speckle', 'Powder', 'Powder coating process increases durability. Speckle paint has average durability', 'hsl(172 35% 55%)', 4, 'Powder coating process increases durability. Speckle paint has average durability', '$$$', 3, 'Powder', 2, 'Finish_Library_2025_AK_10.22 1.xlsx', 'finish_library_ak');
INSERT OR REPLACE INTO finish_graphic_compat (finish_id, graphic_id, compatible) VALUES ('fin-powder-coating-white-speckle', 'gfx-001', 0);
INSERT OR REPLACE INTO finish_graphic_compat (finish_id, graphic_id, compatible) VALUES ('fin-powder-coating-white-speckle', 'gfx-002', 0);
INSERT OR REPLACE INTO finish_graphic_compat (finish_id, graphic_id, compatible) VALUES ('fin-powder-coating-white-speckle', 'gfx-003', 0);
INSERT OR REPLACE INTO finish_graphic_compat (finish_id, graphic_id, compatible) VALUES ('fin-powder-coating-white-speckle', 'gfx-004', 0);
INSERT OR REPLACE INTO finish_graphic_compat (finish_id, graphic_id, compatible) VALUES ('fin-powder-coating-white-speckle', 'gfx-005', 1);
INSERT OR REPLACE INTO finishes (id, slug, name, category, description, hex_color, durability_score, durability_notes, price_band, cost_tier, finish_process, process_steps, source_file, template_id) VALUES ('fin-powder-coating-ombr', 'powder-coating-ombr', 'Powder Coating Ombré', 'Powder', 'Powder coating process increases durability', 'hsl(343 35% 55%)', 4, 'Powder coating process increases durability', '$$$', 3, 'Powder', 2, 'Finish_Library_2025_AK_10.22 1.xlsx', 'finish_library_ak');
INSERT OR REPLACE INTO finish_graphic_compat (finish_id, graphic_id, compatible) VALUES ('fin-powder-coating-ombr', 'gfx-001', 1);
INSERT OR REPLACE INTO finish_graphic_compat (finish_id, graphic_id, compatible) VALUES ('fin-powder-coating-ombr', 'gfx-002', 1);
INSERT OR REPLACE INTO finish_graphic_compat (finish_id, graphic_id, compatible) VALUES ('fin-powder-coating-ombr', 'gfx-003', 1);
INSERT OR REPLACE INTO finish_graphic_compat (finish_id, graphic_id, compatible) VALUES ('fin-powder-coating-ombr', 'gfx-004', 0);
INSERT OR REPLACE INTO finish_graphic_compat (finish_id, graphic_id, compatible) VALUES ('fin-powder-coating-ombr', 'gfx-005', 1);
INSERT OR REPLACE INTO finishes (id, slug, name, category, description, hex_color, durability_score, durability_notes, price_band, cost_tier, finish_process, process_steps, source_file, template_id) VALUES ('fin-powder-coating-ombr-color-speckle', 'powder-coating-ombr-color-speckle', 'Powder Coating Ombré & Color Speckle', 'Powder', 'Powder coating process increases durability. Speckle paint has average durability', 'hsl(305 35% 55%)', 4, 'Powder coating process increases durability. Speckle paint has average durability', '$$$', 3, 'Powder', 2, 'Finish_Library_2025_AK_10.22 1.xlsx', 'finish_library_ak');
INSERT OR REPLACE INTO finish_graphic_compat (finish_id, graphic_id, compatible) VALUES ('fin-powder-coating-ombr-color-speckle', 'gfx-001', 0);
INSERT OR REPLACE INTO finish_graphic_compat (finish_id, graphic_id, compatible) VALUES ('fin-powder-coating-ombr-color-speckle', 'gfx-002', 0);
INSERT OR REPLACE INTO finish_graphic_compat (finish_id, graphic_id, compatible) VALUES ('fin-powder-coating-ombr-color-speckle', 'gfx-003', 0);
INSERT OR REPLACE INTO finish_graphic_compat (finish_id, graphic_id, compatible) VALUES ('fin-powder-coating-ombr-color-speckle', 'gfx-004', 0);
INSERT OR REPLACE INTO finish_graphic_compat (finish_id, graphic_id, compatible) VALUES ('fin-powder-coating-ombr-color-speckle', 'gfx-005', 1);
INSERT OR REPLACE INTO finishes (id, slug, name, category, description, hex_color, durability_score, durability_notes, price_band, cost_tier, finish_process, process_steps, source_file, template_id) VALUES ('fin-pvd', 'pvd', 'PVD', 'Not Applicable', '/ Outsourced', 'hsl(54 35% 55%)', 4, '/', '$$$$', 4, 'Not Applicable', 1, 'Finish_Library_2025_AK_10.22 1.xlsx', 'finish_library_ak');
INSERT OR REPLACE INTO finish_graphic_compat (finish_id, graphic_id, compatible) VALUES ('fin-pvd', 'gfx-001', 0);
INSERT OR REPLACE INTO finish_graphic_compat (finish_id, graphic_id, compatible) VALUES ('fin-pvd', 'gfx-002', 0);
INSERT OR REPLACE INTO finish_graphic_compat (finish_id, graphic_id, compatible) VALUES ('fin-pvd', 'gfx-003', 0);
INSERT OR REPLACE INTO finish_graphic_compat (finish_id, graphic_id, compatible) VALUES ('fin-pvd', 'gfx-004', 0);
INSERT OR REPLACE INTO finish_graphic_compat (finish_id, graphic_id, compatible) VALUES ('fin-pvd', 'gfx-005', 1);
INSERT OR REPLACE INTO finishes (id, slug, name, category, description, hex_color, durability_score, durability_notes, price_band, cost_tier, finish_process, process_steps, source_file, template_id) VALUES ('fin-rainbow-glitter', 'rainbow-glitter', 'Rainbow Glitter', 'Paint', 'Rough surface, poor durability', 'hsl(145 35% 55%)', 2, 'Rough surface, poor durability', '$$$$$', 5, 'Paint', 1, 'Finish_Library_2025_AK_10.22 1.xlsx', 'finish_library_ak');
INSERT OR REPLACE INTO finish_graphic_compat (finish_id, graphic_id, compatible) VALUES ('fin-rainbow-glitter', 'gfx-001', 0);
INSERT OR REPLACE INTO finish_graphic_compat (finish_id, graphic_id, compatible) VALUES ('fin-rainbow-glitter', 'gfx-002', 0);
INSERT OR REPLACE INTO finish_graphic_compat (finish_id, graphic_id, compatible) VALUES ('fin-rainbow-glitter', 'gfx-003', 0);
INSERT OR REPLACE INTO finish_graphic_compat (finish_id, graphic_id, compatible) VALUES ('fin-rainbow-glitter', 'gfx-004', 0);
INSERT OR REPLACE INTO finish_graphic_compat (finish_id, graphic_id, compatible) VALUES ('fin-rainbow-glitter', 'gfx-005', 1);
INSERT OR REPLACE INTO finishes (id, slug, name, category, description, hex_color, durability_score, durability_notes, price_band, cost_tier, finish_process, process_steps, source_file, template_id) VALUES ('fin-rainbow-uv', 'rainbow-uv', 'Rainbow UV', 'Not Applicable', 'Thin coating, durability poor Outsourced', 'hsl(99 35% 55%)', 1, 'Thin coating, durability poor', '$$$$', 4, 'Not Applicable', 2, 'Finish_Library_2025_AK_10.22 1.xlsx', 'finish_library_ak');
INSERT OR REPLACE INTO finish_graphic_compat (finish_id, graphic_id, compatible) VALUES ('fin-rainbow-uv', 'gfx-001', 0);
INSERT OR REPLACE INTO finish_graphic_compat (finish_id, graphic_id, compatible) VALUES ('fin-rainbow-uv', 'gfx-002', 0);
INSERT OR REPLACE INTO finish_graphic_compat (finish_id, graphic_id, compatible) VALUES ('fin-rainbow-uv', 'gfx-003', 0);
INSERT OR REPLACE INTO finish_graphic_compat (finish_id, graphic_id, compatible) VALUES ('fin-rainbow-uv', 'gfx-004', 0);
INSERT OR REPLACE INTO finish_graphic_compat (finish_id, graphic_id, compatible) VALUES ('fin-rainbow-uv', 'gfx-005', 1);
INSERT OR REPLACE INTO finishes (id, slug, name, category, description, hex_color, durability_score, durability_notes, price_band, cost_tier, finish_process, process_steps, source_file, template_id) VALUES ('fin-raindrop', 'raindrop', 'Raindrop', 'Paint', 'Rough surface lowering durability Must be applied on specific base coat.', 'hsl(195 35% 55%)', 2, 'Rough surface lowering durability', '$$$$', 4, 'Paint', 2, 'Finish_Library_2025_AK_10.22 1.xlsx', 'finish_library_ak');
INSERT OR REPLACE INTO finish_graphic_compat (finish_id, graphic_id, compatible) VALUES ('fin-raindrop', 'gfx-001', 0);
INSERT OR REPLACE INTO finish_graphic_compat (finish_id, graphic_id, compatible) VALUES ('fin-raindrop', 'gfx-002', 0);
INSERT OR REPLACE INTO finish_graphic_compat (finish_id, graphic_id, compatible) VALUES ('fin-raindrop', 'gfx-003', 0);
INSERT OR REPLACE INTO finish_graphic_compat (finish_id, graphic_id, compatible) VALUES ('fin-raindrop', 'gfx-004', 0);
INSERT OR REPLACE INTO finish_graphic_compat (finish_id, graphic_id, compatible) VALUES ('fin-raindrop', 'gfx-005', 1);
INSERT OR REPLACE INTO finishes (id, slug, name, category, description, hex_color, durability_score, durability_notes, price_band, cost_tier, finish_process, process_steps, source_file, template_id) VALUES ('fin-reflective', 'reflective', 'Reflective', 'Paint', '/', 'hsl(107 35% 55%)', 3, '/', '$$$$', 4, 'Paint', 2, 'Finish_Library_2025_AK_10.22 1.xlsx', 'finish_library_ak');
INSERT OR REPLACE INTO finish_graphic_compat (finish_id, graphic_id, compatible) VALUES ('fin-reflective', 'gfx-001', 0);
INSERT OR REPLACE INTO finish_graphic_compat (finish_id, graphic_id, compatible) VALUES ('fin-reflective', 'gfx-002', 0);
INSERT OR REPLACE INTO finish_graphic_compat (finish_id, graphic_id, compatible) VALUES ('fin-reflective', 'gfx-003', 0);
INSERT OR REPLACE INTO finish_graphic_compat (finish_id, graphic_id, compatible) VALUES ('fin-reflective', 'gfx-004', 0);
INSERT OR REPLACE INTO finish_graphic_compat (finish_id, graphic_id, compatible) VALUES ('fin-reflective', 'gfx-005', 1);
INSERT OR REPLACE INTO finishes (id, slug, name, category, description, hex_color, durability_score, durability_notes, price_band, cost_tier, finish_process, process_steps, source_file, template_id) VALUES ('fin-rubberized', 'rubberized', 'Rubberized', 'Paint', 'Rubberized paint has poor durability', 'hsl(8 35% 55%)', 1, 'Rubberized paint has poor durability', '$$$', 3, 'Paint', 2, 'Finish_Library_2025_AK_10.22 1.xlsx', 'finish_library_ak');
INSERT OR REPLACE INTO finish_graphic_compat (finish_id, graphic_id, compatible) VALUES ('fin-rubberized', 'gfx-001', 0);
INSERT OR REPLACE INTO finish_graphic_compat (finish_id, graphic_id, compatible) VALUES ('fin-rubberized', 'gfx-002', 0);
INSERT OR REPLACE INTO finish_graphic_compat (finish_id, graphic_id, compatible) VALUES ('fin-rubberized', 'gfx-003', 1);
INSERT OR REPLACE INTO finish_graphic_compat (finish_id, graphic_id, compatible) VALUES ('fin-rubberized', 'gfx-004', 0);
INSERT OR REPLACE INTO finish_graphic_compat (finish_id, graphic_id, compatible) VALUES ('fin-rubberized', 'gfx-005', 1);
INSERT OR REPLACE INTO finishes (id, slug, name, category, description, hex_color, durability_score, durability_notes, price_band, cost_tier, finish_process, process_steps, source_file, template_id) VALUES ('fin-rubberized-air-transfer', 'rubberized-air-transfer', 'Rubberized Air Transfer', 'Paint', 'Rubberized paint has poor durability', 'hsl(113 35% 55%)', 1, 'Rubberized paint has poor durability', '$$$$', 4, 'Paint', 3, 'Finish_Library_2025_AK_10.22 1.xlsx', 'finish_library_ak');
INSERT OR REPLACE INTO finish_graphic_compat (finish_id, graphic_id, compatible) VALUES ('fin-rubberized-air-transfer', 'gfx-001', 0);
INSERT OR REPLACE INTO finish_graphic_compat (finish_id, graphic_id, compatible) VALUES ('fin-rubberized-air-transfer', 'gfx-002', 0);
INSERT OR REPLACE INTO finish_graphic_compat (finish_id, graphic_id, compatible) VALUES ('fin-rubberized-air-transfer', 'gfx-003', 0);
INSERT OR REPLACE INTO finish_graphic_compat (finish_id, graphic_id, compatible) VALUES ('fin-rubberized-air-transfer', 'gfx-004', 0);
INSERT OR REPLACE INTO finish_graphic_compat (finish_id, graphic_id, compatible) VALUES ('fin-rubberized-air-transfer', 'gfx-005', 1);
INSERT OR REPLACE INTO finishes (id, slug, name, category, description, hex_color, durability_score, durability_notes, price_band, cost_tier, finish_process, process_steps, source_file, template_id) VALUES ('fin-rustic-powder-coating', 'rustic-powder-coating', 'Rustic Powder Coating', 'Powder', 'Rough surface', 'hsl(174 35% 55%)', 4, 'Rough surface', '$$', 2, 'Powder', 1, 'Finish_Library_2025_AK_10.22 1.xlsx', 'finish_library_ak');
INSERT OR REPLACE INTO finish_graphic_compat (finish_id, graphic_id, compatible) VALUES ('fin-rustic-powder-coating', 'gfx-001', 0);
INSERT OR REPLACE INTO finish_graphic_compat (finish_id, graphic_id, compatible) VALUES ('fin-rustic-powder-coating', 'gfx-002', 0);
INSERT OR REPLACE INTO finish_graphic_compat (finish_id, graphic_id, compatible) VALUES ('fin-rustic-powder-coating', 'gfx-003', 0);
INSERT OR REPLACE INTO finish_graphic_compat (finish_id, graphic_id, compatible) VALUES ('fin-rustic-powder-coating', 'gfx-004', 0);
INSERT OR REPLACE INTO finish_graphic_compat (finish_id, graphic_id, compatible) VALUES ('fin-rustic-powder-coating', 'gfx-005', 1);
INSERT OR REPLACE INTO finishes (id, slug, name, category, description, hex_color, durability_score, durability_notes, price_band, cost_tier, finish_process, process_steps, source_file, template_id) VALUES ('fin-scented-laquer', 'scented-laquer', 'Scented Laquer', 'Paint', NULL, 'hsl(308 35% 55%)', 1, NULL, '$$$', 3, 'Paint', 2, 'Finish_Library_2025_AK_10.22 1.xlsx', 'finish_library_ak');
INSERT OR REPLACE INTO finish_graphic_compat (finish_id, graphic_id, compatible) VALUES ('fin-scented-laquer', 'gfx-001', 1);
INSERT OR REPLACE INTO finish_graphic_compat (finish_id, graphic_id, compatible) VALUES ('fin-scented-laquer', 'gfx-002', 1);
INSERT OR REPLACE INTO finish_graphic_compat (finish_id, graphic_id, compatible) VALUES ('fin-scented-laquer', 'gfx-003', 1);
INSERT OR REPLACE INTO finish_graphic_compat (finish_id, graphic_id, compatible) VALUES ('fin-scented-laquer', 'gfx-004', 1);
INSERT OR REPLACE INTO finish_graphic_compat (finish_id, graphic_id, compatible) VALUES ('fin-scented-laquer', 'gfx-005', 1);
INSERT OR REPLACE INTO finishes (id, slug, name, category, description, hex_color, durability_score, durability_notes, price_band, cost_tier, finish_process, process_steps, source_file, template_id) VALUES ('fin-shimmer', 'shimmer', 'Shimmer', 'Paint', '/', 'hsl(33 35% 55%)', 4, '/', '$$$', 3, 'Paint', 1, 'Finish_Library_2025_AK_10.22 1.xlsx', 'finish_library_ak');
INSERT OR REPLACE INTO finish_graphic_compat (finish_id, graphic_id, compatible) VALUES ('fin-shimmer', 'gfx-001', 1);
INSERT OR REPLACE INTO finish_graphic_compat (finish_id, graphic_id, compatible) VALUES ('fin-shimmer', 'gfx-002', 1);
INSERT OR REPLACE INTO finish_graphic_compat (finish_id, graphic_id, compatible) VALUES ('fin-shimmer', 'gfx-003', 1);
INSERT OR REPLACE INTO finish_graphic_compat (finish_id, graphic_id, compatible) VALUES ('fin-shimmer', 'gfx-004', 0);
INSERT OR REPLACE INTO finish_graphic_compat (finish_id, graphic_id, compatible) VALUES ('fin-shimmer', 'gfx-005', 1);
INSERT OR REPLACE INTO finishes (id, slug, name, category, description, hex_color, durability_score, durability_notes, price_band, cost_tier, finish_process, process_steps, source_file, template_id) VALUES ('fin-silk-screen-shimmer', 'silk-screen-shimmer', 'Silk Screen Shimmer', 'Paint', 'Paint and ink hybrid', 'hsl(293 35% 55%)', 3, 'Paint and ink hybrid', '$$', 2, 'Paint', 2, 'Finish_Library_2025_AK_10.22 1.xlsx', 'finish_library_ak');
INSERT OR REPLACE INTO finish_graphic_compat (finish_id, graphic_id, compatible) VALUES ('fin-silk-screen-shimmer', 'gfx-001', 0);
INSERT OR REPLACE INTO finish_graphic_compat (finish_id, graphic_id, compatible) VALUES ('fin-silk-screen-shimmer', 'gfx-002', 0);
INSERT OR REPLACE INTO finish_graphic_compat (finish_id, graphic_id, compatible) VALUES ('fin-silk-screen-shimmer', 'gfx-003', 0);
INSERT OR REPLACE INTO finish_graphic_compat (finish_id, graphic_id, compatible) VALUES ('fin-silk-screen-shimmer', 'gfx-004', 0);
INSERT OR REPLACE INTO finish_graphic_compat (finish_id, graphic_id, compatible) VALUES ('fin-silk-screen-shimmer', 'gfx-005', 1);
INSERT OR REPLACE INTO finishes (id, slug, name, category, description, hex_color, durability_score, durability_notes, price_band, cost_tier, finish_process, process_steps, source_file, template_id) VALUES ('fin-silk-screen-semi-matte', 'silk-screen-semi-matte', 'Silk Screen Semi-Matte', 'Paint', 'Paint and ink hybrid', 'hsl(318 35% 55%)', 3, 'Paint and ink hybrid', '$$', 2, 'Paint', 2, 'Finish_Library_2025_AK_10.22 1.xlsx', 'finish_library_ak');
INSERT OR REPLACE INTO finish_graphic_compat (finish_id, graphic_id, compatible) VALUES ('fin-silk-screen-semi-matte', 'gfx-001', 0);
INSERT OR REPLACE INTO finish_graphic_compat (finish_id, graphic_id, compatible) VALUES ('fin-silk-screen-semi-matte', 'gfx-002', 0);
INSERT OR REPLACE INTO finish_graphic_compat (finish_id, graphic_id, compatible) VALUES ('fin-silk-screen-semi-matte', 'gfx-003', 0);
INSERT OR REPLACE INTO finish_graphic_compat (finish_id, graphic_id, compatible) VALUES ('fin-silk-screen-semi-matte', 'gfx-004', 0);
INSERT OR REPLACE INTO finish_graphic_compat (finish_id, graphic_id, compatible) VALUES ('fin-silk-screen-semi-matte', 'gfx-005', 1);
INSERT OR REPLACE INTO finishes (id, slug, name, category, description, hex_color, durability_score, durability_notes, price_band, cost_tier, finish_process, process_steps, source_file, template_id) VALUES ('fin-silk-screen-matte-metallic', 'silk-screen-matte-metallic', 'Silk Screen Matte Metallic', 'Paint', 'Paint and ink hybrid', 'hsl(266 35% 55%)', 3, 'Paint and ink hybrid', '$$', 2, 'Paint', 2, 'Finish_Library_2025_AK_10.22 1.xlsx', 'finish_library_ak');
INSERT OR REPLACE INTO finish_graphic_compat (finish_id, graphic_id, compatible) VALUES ('fin-silk-screen-matte-metallic', 'gfx-001', 0);
INSERT OR REPLACE INTO finish_graphic_compat (finish_id, graphic_id, compatible) VALUES ('fin-silk-screen-matte-metallic', 'gfx-002', 0);
INSERT OR REPLACE INTO finish_graphic_compat (finish_id, graphic_id, compatible) VALUES ('fin-silk-screen-matte-metallic', 'gfx-003', 0);
INSERT OR REPLACE INTO finish_graphic_compat (finish_id, graphic_id, compatible) VALUES ('fin-silk-screen-matte-metallic', 'gfx-004', 0);
INSERT OR REPLACE INTO finish_graphic_compat (finish_id, graphic_id, compatible) VALUES ('fin-silk-screen-matte-metallic', 'gfx-005', 1);
INSERT OR REPLACE INTO finishes (id, slug, name, category, description, hex_color, durability_score, durability_notes, price_band, cost_tier, finish_process, process_steps, source_file, template_id) VALUES ('fin-silk-screen-glossy', 'silk-screen-glossy', 'Silk Screen Glossy', 'Paint', 'Paint and ink hybrid', 'hsl(59 35% 55%)', 3, 'Paint and ink hybrid', '$$', 2, 'Paint', 2, 'Finish_Library_2025_AK_10.22 1.xlsx', 'finish_library_ak');
INSERT OR REPLACE INTO finish_graphic_compat (finish_id, graphic_id, compatible) VALUES ('fin-silk-screen-glossy', 'gfx-001', 0);
INSERT OR REPLACE INTO finish_graphic_compat (finish_id, graphic_id, compatible) VALUES ('fin-silk-screen-glossy', 'gfx-002', 0);
INSERT OR REPLACE INTO finish_graphic_compat (finish_id, graphic_id, compatible) VALUES ('fin-silk-screen-glossy', 'gfx-003', 0);
INSERT OR REPLACE INTO finish_graphic_compat (finish_id, graphic_id, compatible) VALUES ('fin-silk-screen-glossy', 'gfx-004', 0);
INSERT OR REPLACE INTO finish_graphic_compat (finish_id, graphic_id, compatible) VALUES ('fin-silk-screen-glossy', 'gfx-005', 1);
INSERT OR REPLACE INTO finishes (id, slug, name, category, description, hex_color, durability_score, durability_notes, price_band, cost_tier, finish_process, process_steps, source_file, template_id) VALUES ('fin-silk-screen-matte', 'silk-screen-matte', 'Silk Screen Matte', 'Paint', 'Paint and ink hybrid', 'hsl(245 35% 55%)', 3, 'Paint and ink hybrid', '$$', 2, 'Paint', 2, 'Finish_Library_2025_AK_10.22 1.xlsx', 'finish_library_ak');
INSERT OR REPLACE INTO finish_graphic_compat (finish_id, graphic_id, compatible) VALUES ('fin-silk-screen-matte', 'gfx-001', 0);
INSERT OR REPLACE INTO finish_graphic_compat (finish_id, graphic_id, compatible) VALUES ('fin-silk-screen-matte', 'gfx-002', 0);
INSERT OR REPLACE INTO finish_graphic_compat (finish_id, graphic_id, compatible) VALUES ('fin-silk-screen-matte', 'gfx-003', 0);
INSERT OR REPLACE INTO finish_graphic_compat (finish_id, graphic_id, compatible) VALUES ('fin-silk-screen-matte', 'gfx-004', 0);
INSERT OR REPLACE INTO finish_graphic_compat (finish_id, graphic_id, compatible) VALUES ('fin-silk-screen-matte', 'gfx-005', 1);
INSERT OR REPLACE INTO finishes (id, slug, name, category, description, hex_color, durability_score, durability_notes, price_band, cost_tier, finish_process, process_steps, source_file, template_id) VALUES ('fin-smoky-ombr', 'smoky-ombr', 'Smoky Ombré', 'Powder', 'Powder coating process increases durability', 'hsl(94 35% 55%)', 3, 'Powder coating process increases durability', '$$', 2, 'Powder', 2, 'Finish_Library_2025_AK_10.22 1.xlsx', 'finish_library_ak');
INSERT OR REPLACE INTO finish_graphic_compat (finish_id, graphic_id, compatible) VALUES ('fin-smoky-ombr', 'gfx-001', 1);
INSERT OR REPLACE INTO finish_graphic_compat (finish_id, graphic_id, compatible) VALUES ('fin-smoky-ombr', 'gfx-002', 1);
INSERT OR REPLACE INTO finish_graphic_compat (finish_id, graphic_id, compatible) VALUES ('fin-smoky-ombr', 'gfx-003', 1);
INSERT OR REPLACE INTO finish_graphic_compat (finish_id, graphic_id, compatible) VALUES ('fin-smoky-ombr', 'gfx-004', 0);
INSERT OR REPLACE INTO finish_graphic_compat (finish_id, graphic_id, compatible) VALUES ('fin-smoky-ombr', 'gfx-005', 1);
INSERT OR REPLACE INTO finishes (id, slug, name, category, description, hex_color, durability_score, durability_notes, price_band, cost_tier, finish_process, process_steps, source_file, template_id) VALUES ('fin-sparkle', 'sparkle', 'Sparkle', 'Paint', '/', 'hsl(270 35% 55%)', 3, '/', '$$', 2, 'Paint', 2, 'Finish_Library_2025_AK_10.22 1.xlsx', 'finish_library_ak');
INSERT OR REPLACE INTO finish_graphic_compat (finish_id, graphic_id, compatible) VALUES ('fin-sparkle', 'gfx-001', 1);
INSERT OR REPLACE INTO finish_graphic_compat (finish_id, graphic_id, compatible) VALUES ('fin-sparkle', 'gfx-002', 1);
INSERT OR REPLACE INTO finish_graphic_compat (finish_id, graphic_id, compatible) VALUES ('fin-sparkle', 'gfx-003', 1);
INSERT OR REPLACE INTO finish_graphic_compat (finish_id, graphic_id, compatible) VALUES ('fin-sparkle', 'gfx-004', 1);
INSERT OR REPLACE INTO finish_graphic_compat (finish_id, graphic_id, compatible) VALUES ('fin-sparkle', 'gfx-005', 1);
INSERT OR REPLACE INTO finishes (id, slug, name, category, description, hex_color, durability_score, durability_notes, price_band, cost_tier, finish_process, process_steps, source_file, template_id) VALUES ('fin-sparkle-ombre', 'sparkle-ombre', 'Sparkle Ombre', 'Paint', '/', 'hsl(261 35% 55%)', 3, '/', '$$$', 3, 'Paint', 2, 'Finish_Library_2025_AK_10.22 1.xlsx', 'finish_library_ak');
INSERT OR REPLACE INTO finish_graphic_compat (finish_id, graphic_id, compatible) VALUES ('fin-sparkle-ombre', 'gfx-001', 1);
INSERT OR REPLACE INTO finish_graphic_compat (finish_id, graphic_id, compatible) VALUES ('fin-sparkle-ombre', 'gfx-002', 1);
INSERT OR REPLACE INTO finish_graphic_compat (finish_id, graphic_id, compatible) VALUES ('fin-sparkle-ombre', 'gfx-003', 1);
INSERT OR REPLACE INTO finish_graphic_compat (finish_id, graphic_id, compatible) VALUES ('fin-sparkle-ombre', 'gfx-004', 1);
INSERT OR REPLACE INTO finish_graphic_compat (finish_id, graphic_id, compatible) VALUES ('fin-sparkle-ombre', 'gfx-005', 1);
INSERT OR REPLACE INTO finishes (id, slug, name, category, description, hex_color, durability_score, durability_notes, price_band, cost_tier, finish_process, process_steps, source_file, template_id) VALUES ('fin-splatter', 'splatter', 'Splatter', 'Paint', 'Rough surface lowering durability', 'hsl(247 35% 55%)', 1, 'Rough surface lowering durability', '$$$$', 4, 'Paint', 2, 'Finish_Library_2025_AK_10.22 1.xlsx', 'finish_library_ak');
INSERT OR REPLACE INTO finish_graphic_compat (finish_id, graphic_id, compatible) VALUES ('fin-splatter', 'gfx-001', 0);
INSERT OR REPLACE INTO finish_graphic_compat (finish_id, graphic_id, compatible) VALUES ('fin-splatter', 'gfx-002', 0);
INSERT OR REPLACE INTO finish_graphic_compat (finish_id, graphic_id, compatible) VALUES ('fin-splatter', 'gfx-003', 0);
INSERT OR REPLACE INTO finish_graphic_compat (finish_id, graphic_id, compatible) VALUES ('fin-splatter', 'gfx-004', 0);
INSERT OR REPLACE INTO finish_graphic_compat (finish_id, graphic_id, compatible) VALUES ('fin-splatter', 'gfx-005', 1);
INSERT OR REPLACE INTO finishes (id, slug, name, category, description, hex_color, durability_score, durability_notes, price_band, cost_tier, finish_process, process_steps, source_file, template_id) VALUES ('fin-triple-glitter-ombr', 'triple-glitter-ombr', 'Triple Glitter Ombré', 'Paint', 'Rough surface lowering durability', 'hsl(170 35% 55%)', 2, 'Rough surface lowering durability', '$$$$', 4, 'Paint', 3, 'Finish_Library_2025_AK_10.22 1.xlsx', 'finish_library_ak');
INSERT OR REPLACE INTO finish_graphic_compat (finish_id, graphic_id, compatible) VALUES ('fin-triple-glitter-ombr', 'gfx-001', 0);
INSERT OR REPLACE INTO finish_graphic_compat (finish_id, graphic_id, compatible) VALUES ('fin-triple-glitter-ombr', 'gfx-002', 0);
INSERT OR REPLACE INTO finish_graphic_compat (finish_id, graphic_id, compatible) VALUES ('fin-triple-glitter-ombr', 'gfx-003', 0);
INSERT OR REPLACE INTO finish_graphic_compat (finish_id, graphic_id, compatible) VALUES ('fin-triple-glitter-ombr', 'gfx-004', 0);
INSERT OR REPLACE INTO finish_graphic_compat (finish_id, graphic_id, compatible) VALUES ('fin-triple-glitter-ombr', 'gfx-005', 1);
INSERT OR REPLACE INTO finishes (id, slug, name, category, description, hex_color, durability_score, durability_notes, price_band, cost_tier, finish_process, process_steps, source_file, template_id) VALUES ('fin-triple-powder-coating-ombr', 'triple-powder-coating-ombr', 'Triple Powder Coating Ombré', 'Powder', 'Powder coating process increases durability', 'hsl(81 35% 55%)', 4, 'Powder coating process increases durability', '$$$', 3, 'Powder', 3, 'Finish_Library_2025_AK_10.22 1.xlsx', 'finish_library_ak');
INSERT OR REPLACE INTO finish_graphic_compat (finish_id, graphic_id, compatible) VALUES ('fin-triple-powder-coating-ombr', 'gfx-001', 1);
INSERT OR REPLACE INTO finish_graphic_compat (finish_id, graphic_id, compatible) VALUES ('fin-triple-powder-coating-ombr', 'gfx-002', 1);
INSERT OR REPLACE INTO finish_graphic_compat (finish_id, graphic_id, compatible) VALUES ('fin-triple-powder-coating-ombr', 'gfx-003', 1);
INSERT OR REPLACE INTO finish_graphic_compat (finish_id, graphic_id, compatible) VALUES ('fin-triple-powder-coating-ombr', 'gfx-004', 0);
INSERT OR REPLACE INTO finish_graphic_compat (finish_id, graphic_id, compatible) VALUES ('fin-triple-powder-coating-ombr', 'gfx-005', 1);
INSERT OR REPLACE INTO finishes (id, slug, name, category, description, hex_color, durability_score, durability_notes, price_band, cost_tier, finish_process, process_steps, source_file, template_id) VALUES ('fin-triple-swirl-glossy-opaque', 'triple-swirl-glossy-opaque', 'Triple Swirl – Glossy (Opaque)', 'Paint', '/', 'hsl(92 35% 55%)', 3, '/', '$$$$', 4, 'Paint', 2, 'Finish_Library_2025_AK_10.22 1.xlsx', 'finish_library_ak');
INSERT OR REPLACE INTO finish_graphic_compat (finish_id, graphic_id, compatible) VALUES ('fin-triple-swirl-glossy-opaque', 'gfx-001', 1);
INSERT OR REPLACE INTO finish_graphic_compat (finish_id, graphic_id, compatible) VALUES ('fin-triple-swirl-glossy-opaque', 'gfx-002', 1);
INSERT OR REPLACE INTO finish_graphic_compat (finish_id, graphic_id, compatible) VALUES ('fin-triple-swirl-glossy-opaque', 'gfx-003', 1);
INSERT OR REPLACE INTO finish_graphic_compat (finish_id, graphic_id, compatible) VALUES ('fin-triple-swirl-glossy-opaque', 'gfx-004', 1);
INSERT OR REPLACE INTO finish_graphic_compat (finish_id, graphic_id, compatible) VALUES ('fin-triple-swirl-glossy-opaque', 'gfx-005', 1);
INSERT OR REPLACE INTO finishes (id, slug, name, category, description, hex_color, durability_score, durability_notes, price_band, cost_tier, finish_process, process_steps, source_file, template_id) VALUES ('fin-triple-swirl-semi-matte-metallic', 'triple-swirl-semi-matte-metallic', 'Triple Swirl – Semi-Matte Metallic', 'Paint', '/', 'hsl(80 35% 55%)', 3, '/', '$$$$', 4, 'Paint', 2, 'Finish_Library_2025_AK_10.22 1.xlsx', 'finish_library_ak');
INSERT OR REPLACE INTO finish_graphic_compat (finish_id, graphic_id, compatible) VALUES ('fin-triple-swirl-semi-matte-metallic', 'gfx-001', 1);
INSERT OR REPLACE INTO finish_graphic_compat (finish_id, graphic_id, compatible) VALUES ('fin-triple-swirl-semi-matte-metallic', 'gfx-002', 1);
INSERT OR REPLACE INTO finish_graphic_compat (finish_id, graphic_id, compatible) VALUES ('fin-triple-swirl-semi-matte-metallic', 'gfx-003', 1);
INSERT OR REPLACE INTO finish_graphic_compat (finish_id, graphic_id, compatible) VALUES ('fin-triple-swirl-semi-matte-metallic', 'gfx-004', 1);
INSERT OR REPLACE INTO finish_graphic_compat (finish_id, graphic_id, compatible) VALUES ('fin-triple-swirl-semi-matte-metallic', 'gfx-005', 1);
INSERT OR REPLACE INTO finishes (id, slug, name, category, description, hex_color, durability_score, durability_notes, price_band, cost_tier, finish_process, process_steps, source_file, template_id) VALUES ('fin-triple-swirl-semi-matte', 'triple-swirl-semi-matte', 'Triple Swirl – Semi-Matte', 'Paint', '/', 'hsl(231 35% 55%)', 3, '/', '$$$$', 4, 'Paint', 2, 'Finish_Library_2025_AK_10.22 1.xlsx', 'finish_library_ak');
INSERT OR REPLACE INTO finish_graphic_compat (finish_id, graphic_id, compatible) VALUES ('fin-triple-swirl-semi-matte', 'gfx-001', 1);
INSERT OR REPLACE INTO finish_graphic_compat (finish_id, graphic_id, compatible) VALUES ('fin-triple-swirl-semi-matte', 'gfx-002', 1);
INSERT OR REPLACE INTO finish_graphic_compat (finish_id, graphic_id, compatible) VALUES ('fin-triple-swirl-semi-matte', 'gfx-003', 1);
INSERT OR REPLACE INTO finish_graphic_compat (finish_id, graphic_id, compatible) VALUES ('fin-triple-swirl-semi-matte', 'gfx-004', 1);
INSERT OR REPLACE INTO finish_graphic_compat (finish_id, graphic_id, compatible) VALUES ('fin-triple-swirl-semi-matte', 'gfx-005', 1);
INSERT OR REPLACE INTO finishes (id, slug, name, category, description, hex_color, durability_score, durability_notes, price_band, cost_tier, finish_process, process_steps, source_file, template_id) VALUES ('fin-uv-ombr', 'uv-ombr', 'UV Ombré', 'UV', 'Thin coating, durability poor Outsourced', 'hsl(4 35% 55%)', 1, 'Thin coating, durability poor', '$$$$', 4, 'UV', 1, 'Finish_Library_2025_AK_10.22 1.xlsx', 'finish_library_ak');
INSERT OR REPLACE INTO finish_graphic_compat (finish_id, graphic_id, compatible) VALUES ('fin-uv-ombr', 'gfx-001', 0);
INSERT OR REPLACE INTO finish_graphic_compat (finish_id, graphic_id, compatible) VALUES ('fin-uv-ombr', 'gfx-002', 0);
INSERT OR REPLACE INTO finish_graphic_compat (finish_id, graphic_id, compatible) VALUES ('fin-uv-ombr', 'gfx-003', 0);
INSERT OR REPLACE INTO finish_graphic_compat (finish_id, graphic_id, compatible) VALUES ('fin-uv-ombr', 'gfx-004', 0);
INSERT OR REPLACE INTO finish_graphic_compat (finish_id, graphic_id, compatible) VALUES ('fin-uv-ombr', 'gfx-005', 1);
INSERT OR REPLACE INTO finishes (id, slug, name, category, description, hex_color, durability_score, durability_notes, price_band, cost_tier, finish_process, process_steps, source_file, template_id) VALUES ('fin-uv-paint', 'uv-paint', 'UV Paint', 'UV', 'Thin coating, durability poor Outsourced', 'hsl(119 35% 55%)', 1, 'Thin coating, durability poor', '$$$$', 4, 'UV', 1, 'Finish_Library_2025_AK_10.22 1.xlsx', 'finish_library_ak');
INSERT OR REPLACE INTO finish_graphic_compat (finish_id, graphic_id, compatible) VALUES ('fin-uv-paint', 'gfx-001', 0);
INSERT OR REPLACE INTO finish_graphic_compat (finish_id, graphic_id, compatible) VALUES ('fin-uv-paint', 'gfx-002', 0);
INSERT OR REPLACE INTO finish_graphic_compat (finish_id, graphic_id, compatible) VALUES ('fin-uv-paint', 'gfx-003', 0);
INSERT OR REPLACE INTO finish_graphic_compat (finish_id, graphic_id, compatible) VALUES ('fin-uv-paint', 'gfx-004', 0);
INSERT OR REPLACE INTO finish_graphic_compat (finish_id, graphic_id, compatible) VALUES ('fin-uv-paint', 'gfx-005', 1);
INSERT OR REPLACE INTO finishes (id, slug, name, category, description, hex_color, durability_score, durability_notes, price_band, cost_tier, finish_process, process_steps, source_file, template_id) VALUES ('fin-verical-metallic-ombr', 'verical-metallic-ombr', 'Verical Metallic Ombré', 'Paint', '/ Design Dependent', 'hsl(354 35% 55%)', 3, '/', '$$$', 3, 'Paint', NULL, 'Finish_Library_2025_AK_10.22 1.xlsx', 'finish_library_ak');
INSERT OR REPLACE INTO finish_graphic_compat (finish_id, graphic_id, compatible) VALUES ('fin-verical-metallic-ombr', 'gfx-001', 1);
INSERT OR REPLACE INTO finish_graphic_compat (finish_id, graphic_id, compatible) VALUES ('fin-verical-metallic-ombr', 'gfx-002', 1);
INSERT OR REPLACE INTO finish_graphic_compat (finish_id, graphic_id, compatible) VALUES ('fin-verical-metallic-ombr', 'gfx-003', 1);
INSERT OR REPLACE INTO finish_graphic_compat (finish_id, graphic_id, compatible) VALUES ('fin-verical-metallic-ombr', 'gfx-004', 1);
INSERT OR REPLACE INTO finish_graphic_compat (finish_id, graphic_id, compatible) VALUES ('fin-verical-metallic-ombr', 'gfx-005', 1);
INSERT OR REPLACE INTO finishes (id, slug, name, category, description, hex_color, durability_score, durability_notes, price_band, cost_tier, finish_process, process_steps, source_file, template_id) VALUES ('fin-vertical-semi-matte-ombr', 'vertical-semi-matte-ombr', 'Vertical Semi-Matte Ombré', 'Paint', '/ Design Dependent', 'hsl(319 35% 55%)', 3, '/', '$$$', 3, 'Paint', NULL, 'Finish_Library_2025_AK_10.22 1.xlsx', 'finish_library_ak');
INSERT OR REPLACE INTO finish_graphic_compat (finish_id, graphic_id, compatible) VALUES ('fin-vertical-semi-matte-ombr', 'gfx-001', 1);
INSERT OR REPLACE INTO finish_graphic_compat (finish_id, graphic_id, compatible) VALUES ('fin-vertical-semi-matte-ombr', 'gfx-002', 1);
INSERT OR REPLACE INTO finish_graphic_compat (finish_id, graphic_id, compatible) VALUES ('fin-vertical-semi-matte-ombr', 'gfx-003', 1);
INSERT OR REPLACE INTO finish_graphic_compat (finish_id, graphic_id, compatible) VALUES ('fin-vertical-semi-matte-ombr', 'gfx-004', 1);
INSERT OR REPLACE INTO finish_graphic_compat (finish_id, graphic_id, compatible) VALUES ('fin-vertical-semi-matte-ombr', 'gfx-005', 1);
INSERT OR REPLACE INTO finishes (id, slug, name, category, description, hex_color, durability_score, durability_notes, price_band, cost_tier, finish_process, process_steps, source_file, template_id) VALUES ('fin-vintage-powder-coating', 'vintage-powder-coating', 'Vintage Powder Coating', 'Powder', 'Rough surface', 'hsl(118 35% 55%)', 4, 'Rough surface', '$$', 2, 'Powder', 1, 'Finish_Library_2025_AK_10.22 1.xlsx', 'finish_library_ak');
INSERT OR REPLACE INTO finish_graphic_compat (finish_id, graphic_id, compatible) VALUES ('fin-vintage-powder-coating', 'gfx-001', 0);
INSERT OR REPLACE INTO finish_graphic_compat (finish_id, graphic_id, compatible) VALUES ('fin-vintage-powder-coating', 'gfx-002', 0);
INSERT OR REPLACE INTO finish_graphic_compat (finish_id, graphic_id, compatible) VALUES ('fin-vintage-powder-coating', 'gfx-003', 0);
INSERT OR REPLACE INTO finish_graphic_compat (finish_id, graphic_id, compatible) VALUES ('fin-vintage-powder-coating', 'gfx-004', 0);
INSERT OR REPLACE INTO finish_graphic_compat (finish_id, graphic_id, compatible) VALUES ('fin-vintage-powder-coating', 'gfx-005', 1);
INSERT OR REPLACE INTO finishes (id, slug, name, category, description, hex_color, durability_score, durability_notes, price_band, cost_tier, finish_process, process_steps, source_file, template_id) VALUES ('fin-water-decal', 'water-decal', 'Water Decal', 'Paint', 'Water decal is mainly ink-based. Vivid colors have lower durability', 'hsl(68 35% 55%)', 2, 'Water decal is mainly ink-based. Vivid colors have lower durability', '$$$$', 4, 'Paint', 2, 'Finish_Library_2025_AK_10.22 1.xlsx', 'finish_library_ak');
INSERT OR REPLACE INTO finish_graphic_compat (finish_id, graphic_id, compatible) VALUES ('fin-water-decal', 'gfx-001', 0);
INSERT OR REPLACE INTO finish_graphic_compat (finish_id, graphic_id, compatible) VALUES ('fin-water-decal', 'gfx-002', 0);
INSERT OR REPLACE INTO finish_graphic_compat (finish_id, graphic_id, compatible) VALUES ('fin-water-decal', 'gfx-003', 0);
INSERT OR REPLACE INTO finish_graphic_compat (finish_id, graphic_id, compatible) VALUES ('fin-water-decal', 'gfx-004', 0);
INSERT OR REPLACE INTO finish_graphic_compat (finish_id, graphic_id, compatible) VALUES ('fin-water-decal', 'gfx-005', 1);
INSERT OR REPLACE INTO finishes (id, slug, name, category, description, hex_color, durability_score, durability_notes, price_band, cost_tier, finish_process, process_steps, source_file, template_id) VALUES ('fin-water-decal-2', 'water-decal-2', 'Water Decal', 'Paint', 'Water decal is mainly ink-based. Vivid colors have lower durability', 'hsl(68 35% 55%)', 2, 'Water decal is mainly ink-based. Vivid colors have lower durability', '$$$$', 4, 'Paint', 2, 'Finish_Library_2025_AK_10.22 1.xlsx', 'finish_library_ak');
INSERT OR REPLACE INTO finish_graphic_compat (finish_id, graphic_id, compatible) VALUES ('fin-water-decal-2', 'gfx-001', 0);
INSERT OR REPLACE INTO finish_graphic_compat (finish_id, graphic_id, compatible) VALUES ('fin-water-decal-2', 'gfx-002', 0);
INSERT OR REPLACE INTO finish_graphic_compat (finish_id, graphic_id, compatible) VALUES ('fin-water-decal-2', 'gfx-003', 0);
INSERT OR REPLACE INTO finish_graphic_compat (finish_id, graphic_id, compatible) VALUES ('fin-water-decal-2', 'gfx-004', 0);
INSERT OR REPLACE INTO finish_graphic_compat (finish_id, graphic_id, compatible) VALUES ('fin-water-decal-2', 'gfx-005', 1);
INSERT OR REPLACE INTO finishes (id, slug, name, category, description, hex_color, durability_score, durability_notes, price_band, cost_tier, finish_process, process_steps, source_file, template_id) VALUES ('fin-water-transfer', 'water-transfer', 'Water Transfer', 'Paint', '/', 'hsl(20 35% 55%)', 2, '/', '$$$$', 4, 'Paint', 3, 'Finish_Library_2025_AK_10.22 1.xlsx', 'finish_library_ak');
INSERT OR REPLACE INTO finish_graphic_compat (finish_id, graphic_id, compatible) VALUES ('fin-water-transfer', 'gfx-001', 0);
INSERT OR REPLACE INTO finish_graphic_compat (finish_id, graphic_id, compatible) VALUES ('fin-water-transfer', 'gfx-002', 0);
INSERT OR REPLACE INTO finish_graphic_compat (finish_id, graphic_id, compatible) VALUES ('fin-water-transfer', 'gfx-003', 0);
INSERT OR REPLACE INTO finish_graphic_compat (finish_id, graphic_id, compatible) VALUES ('fin-water-transfer', 'gfx-004', 0);
INSERT OR REPLACE INTO finish_graphic_compat (finish_id, graphic_id, compatible) VALUES ('fin-water-transfer', 'gfx-005', 1);
INSERT OR REPLACE INTO finishes (id, slug, name, category, description, hex_color, durability_score, durability_notes, price_band, cost_tier, finish_process, process_steps, source_file, template_id) VALUES ('fin-white-speckle', 'white-speckle', 'White Speckle', 'Paint', '/', 'hsl(314 35% 55%)', 3, '/', '$$', 2, 'Paint', 2, 'Finish_Library_2025_AK_10.22 1.xlsx', 'finish_library_ak');
INSERT OR REPLACE INTO finish_graphic_compat (finish_id, graphic_id, compatible) VALUES ('fin-white-speckle', 'gfx-001', 0);
INSERT OR REPLACE INTO finish_graphic_compat (finish_id, graphic_id, compatible) VALUES ('fin-white-speckle', 'gfx-002', 0);
INSERT OR REPLACE INTO finish_graphic_compat (finish_id, graphic_id, compatible) VALUES ('fin-white-speckle', 'gfx-003', 1);
INSERT OR REPLACE INTO finish_graphic_compat (finish_id, graphic_id, compatible) VALUES ('fin-white-speckle', 'gfx-004', 1);
INSERT OR REPLACE INTO finish_graphic_compat (finish_id, graphic_id, compatible) VALUES ('fin-white-speckle', 'gfx-005', 1);
INSERT OR REPLACE INTO finishes (id, slug, name, category, description, hex_color, durability_score, durability_notes, price_band, cost_tier, finish_process, process_steps, source_file, template_id) VALUES ('fin-geo-electroplating', 'geo-electroplating', 'Geo Electroplating', 'Electroplating', '/ Process includes applying treatment agent, spraying base coat, electroplating, spraying paint, and applying top coat. (Outsourced)', 'hsl(46 35% 55%)', 3, '/', '$$$$$', 5, 'Electroplating', 5, 'Finish_Library_2025_AK_10.22 1.xlsx', 'finish_library_ak');
INSERT OR REPLACE INTO finish_graphic_compat (finish_id, graphic_id, compatible) VALUES ('fin-geo-electroplating', 'gfx-001', 0);
INSERT OR REPLACE INTO finish_graphic_compat (finish_id, graphic_id, compatible) VALUES ('fin-geo-electroplating', 'gfx-002', 0);
INSERT OR REPLACE INTO finish_graphic_compat (finish_id, graphic_id, compatible) VALUES ('fin-geo-electroplating', 'gfx-003', 0);
INSERT OR REPLACE INTO finish_graphic_compat (finish_id, graphic_id, compatible) VALUES ('fin-geo-electroplating', 'gfx-004', 0);
INSERT OR REPLACE INTO finish_graphic_compat (finish_id, graphic_id, compatible) VALUES ('fin-geo-electroplating', 'gfx-005', 1);
INSERT OR REPLACE INTO finishes (id, slug, name, category, description, hex_color, durability_score, durability_notes, price_band, cost_tier, finish_process, process_steps, source_file, template_id) VALUES ('fin-sparkle-electroplating', 'sparkle-electroplating', 'Sparkle Electroplating', 'Electroplating', '/ Process includes applying treatment agent, spraying paint, electroplating, and applying the top coat. (Outsourced)', 'hsl(73 35% 55%)', 3, '/', '$$$$$', 5, 'Electroplating', 4, 'Finish_Library_2025_AK_10.22 1.xlsx', 'finish_library_ak');
INSERT OR REPLACE INTO finish_graphic_compat (finish_id, graphic_id, compatible) VALUES ('fin-sparkle-electroplating', 'gfx-001', 0);
INSERT OR REPLACE INTO finish_graphic_compat (finish_id, graphic_id, compatible) VALUES ('fin-sparkle-electroplating', 'gfx-002', 0);
INSERT OR REPLACE INTO finish_graphic_compat (finish_id, graphic_id, compatible) VALUES ('fin-sparkle-electroplating', 'gfx-003', 0);
INSERT OR REPLACE INTO finish_graphic_compat (finish_id, graphic_id, compatible) VALUES ('fin-sparkle-electroplating', 'gfx-004', 0);
INSERT OR REPLACE INTO finish_graphic_compat (finish_id, graphic_id, compatible) VALUES ('fin-sparkle-electroplating', 'gfx-005', 1);
